刘二上访记,,大陆,剧情,https://movie.douban.com/subject/21715471/,https://img3.doubanio.com/lpic/s25805382.jpg
荒山泪,9.4,大陆,剧情,https://movie.douban.com/subject/3724033/,https://img3.doubanio.com/view/photo/s_ratio_poster/public/p1945500364.jpg
茶馆,9.3,大陆,剧情,https://movie.douban.com/subject/1461403/,https://img3.doubanio.com/view/photo/s_ratio_poster/public/p2262122096.jpg
背靠背，脸对脸,9.3,大陆,剧情,https://movie.douban.com/subject/1307856/,https://img1.doubanio.com/view/photo/s_ratio_poster/public/p2505048077.jpg
鬼子来了,9.2,大陆,剧情,https://movie.douban.com/subject/1291858/,https://img3.doubanio.com/view/photo/s_ratio_poster/public/p1181775734.jpg
狐妖小红娘剧场版：王权富贵,9.2,大陆,剧情,https://movie.douban.com/subject/26946612/,https://img3.doubanio.com/view/photo/s_ratio_poster/public/p2409467410.jpg
活着,9.1,大陆,剧情,https://movie.douban.com/subject/1292365/,https://img3.doubanio.com/view/photo/s_ratio_poster/public/p2173575484.jpg
天堂回信,9.1,大陆,剧情,https://movie.douban.com/subject/1418076/,https://img3.doubanio.com/view/photo/s_ratio_poster/public/p1090024531.jpg
金花路5号,9.1,大陆,剧情,https://movie.douban.com/subject/2282452/,https://img3.doubanio.com/view/photo/s_ratio_poster/public/p1961367162.jpg
芙蓉镇,9.0,大陆,剧情,https://movie.douban.com/subject/1297880/,https://img3.doubanio.com/view/photo/s_ratio_poster/public/p2184544013.jpg
红楼梦,9.0,大陆,剧情,https://movie.douban.com/subject/1329969/,https://img3.doubanio.com/view/photo/s_ratio_poster/public/p2322451692.jpg
如此爹娘,9.0,大陆,剧情,https://movie.douban.com/subject/3032535/,https://img3.doubanio.com/view/photo/s_ratio_poster/public/p2323730451.jpg
穆桂英挂帅,9.0,大陆,剧情,https://movie.douban.com/subject/2340950/,https://img3.doubanio.com/view/photo/s_ratio_poster/public/p2345664290.jpg
孔明灯,9.0,大陆,剧情,https://movie.douban.com/subject/6785099/,https://img3.doubanio.com/lpic/s6852223.jpg
霍伊特团队,9.7,美国,剧情,https://movie.douban.com/subject/2006101/,https://img3.doubanio.com/view/photo/s_ratio_poster/public/p2329853674.jpg
肖申克的救赎,9.6,美国,剧情,https://movie.douban.com/subject/1292052/,https://img3.doubanio.com/view/photo/s_ratio_poster/public/p480747492.jpg
控方证人,9.6,美国,剧情,https://movie.douban.com/subject/1296141/,https://img1.doubanio.com/view/photo/s_ratio_poster/public/p1505392928.jpg
威尔和格蕾丝 告别秀,9.6,美国,剧情,https://movie.douban.com/subject/2263259/,https://img1.doubanio.com/view/photo/s_ratio_poster/public/p2408281629.jpg
迈克尔・杰克逊：音乐历史专辑全集,9.6,美国,剧情,https://movie.douban.com/subject/2122919/,https://img3.doubanio.com/lpic/s2541232.jpg
演员工作室：老爸老妈的浪漫史,9.5,美国,剧情,https://movie.douban.com/subject/25855990/,https://img3.doubanio.com/view/photo/s_ratio_poster/public/p2176444996.jpg
NBA黄金50周年纪念特辑,9.6,美国,剧情,https://movie.douban.com/subject/3145883/,https://img3.doubanio.com/view/photo/s_ratio_poster/public/p2381286642.jpg
天使在美国第二部：重建,9.5,美国,剧情,https://movie.douban.com/subject/27045950/,https://img3.doubanio.com/view/photo/s_ratio_poster/public/p2474462430.jpg
AFI终身成就奖：向阿尔帕西诺致敬,9.6,美国,剧情,https://movie.douban.com/subject/4832752/,https://img3.doubanio.com/view/photo/s_ratio_poster/public/p1586263052.jpg
拉娜・德雷：西海岸,9.6,美国,剧情,https://movie.douban.com/subject/25940511/,https://img3.doubanio.com/view/photo/s_ratio_poster/public/p2193232040.jpg
豪斯医生完季特别篇：天鹅挽歌,9.5,美国,剧情,https://movie.douban.com/subject/10757823/,https://img3.doubanio.com/view/photo/s_ratio_poster/public/p2201534004.jpg
怪诞小镇特别篇：松林之间,9.5,美国,剧情,https://movie.douban.com/subject/26744258/,https://img3.doubanio.com/view/photo/s_ratio_poster/public/p2324315416.jpg
跳出我天地音乐剧,9.4,美国,剧情,https://movie.douban.com/subject/26264388/,https://img3.doubanio.com/view/photo/s_ratio_poster/public/p2215874393.jpg
天使在美国第一部：千禧年降临,9.4,美国,剧情,https://movie.douban.com/subject/27021257/,https://img3.doubanio.com/view/photo/s_ratio_poster/public/p2455727120.jpg
阿甘正传,9.4,美国,剧情,https://movie.douban.com/subject/1292720/,https://img1.doubanio.com/view/photo/s_ratio_poster/public/p510876377.jpg
辛德勒的名单,9.4,美国,剧情,https://movie.douban.com/subject/1295124/,https://img3.doubanio.com/view/photo/s_ratio_poster/public/p492406163.jpg
十二怒汉,9.4,美国,剧情,https://movie.douban.com/subject/1293182/,https://img3.doubanio.com/view/photo/s_ratio_poster/public/p2173577632.jpg
福尔摩斯二世,9.4,美国,剧情,https://movie.douban.com/subject/1303408/,https://img1.doubanio.com/view/photo/s_ratio_poster/public/p2206737207.jpg
十二怒汉,9.4,美国,剧情,https://movie.douban.com/subject/10583098/,https://img3.doubanio.com/view/photo/s_ratio_poster/public/p2153875961.jpg
控方证人,9.4,美国,剧情,https://movie.douban.com/subject/5294851/,https://img3.doubanio.com/view/photo/s_ratio_poster/public/p2367853261.jpg
绝不折中：绝命毒师最终季制作记录,9.4,美国,剧情,https://movie.douban.com/subject/25779043/,https://img3.doubanio.com/view/photo/s_ratio_poster/public/p2208788564.jpg
疑犯追踪 试播集,9.4,美国,剧情,https://movie.douban.com/subject/24700683/,https://img1.doubanio.com/view/photo/s_ratio_poster/public/p1974739828.jpg
拽妹黛薇儿要上大学了没,9.4,美国,剧情,https://movie.douban.com/subject/2054458/,https://img3.doubanio.com/view/photo/s_ratio_poster/public/p2441936540.jpg
博弈论,9.4,美国,剧情,https://movie.douban.com/subject/3272459/,https://img3.doubanio.com/view/photo/s_ratio_poster/public/p2254959230.jpg
拜访森林,9.4,美国,剧情,https://movie.douban.com/subject/25741291/,https://img3.doubanio.com/view/photo/s_ratio_poster/public/p2155898916.jpg
Christina Aguilera: Back to Basics - Live and Down Under,9.4,美国,剧情,https://movie.douban.com/subject/3060405/,https://img3.doubanio.com/view/photo/s_ratio_poster/public/p2498697744.jpg
聪明狗走天涯,9.4,美国,剧情,https://movie.douban.com/subject/1297777/,https://img1.doubanio.com/lpic/s1788447.jpg
南方公园之梦想国度,9.3,美国,剧情,https://movie.douban.com/subject/5179539/,https://img3.doubanio.com/lpic/s5293436.jpg
Inception,9.3,美国,剧情,https://movie.douban.com/subject/03541415/,https://img3.doubanio.com/view/photo/s_ratio_poster/public/p513344864.jpg
海豚湾,9.3,美国,剧情,https://movie.douban.com/subject/3442220/,https://img3.doubanio.com/view/photo/s_ratio_poster/public/p455222172.jpg
The Work of Director Michel Gondry,9.3,美国,剧情,https://movie.douban.com/subject/1400646/,https://img1.doubanio.com/view/photo/s_ratio_poster/public/p1348801388.jpg
诱惑乐队,9.3,美国,剧情,https://movie.douban.com/subject/2138114/,https://img3.doubanio.com/lpic/s2572066.jpg
查理布朗男孩,9.3,美国,剧情,https://movie.douban.com/subject/1295406/,https://img1.doubanio.com/view/photo/s_ratio_poster/public/p577559527.jpg
山谷崛起,9.3,美国,剧情,https://movie.douban.com/subject/26291600/,https://img3.doubanio.com/view/photo/s_ratio_poster/public/p2221606645.jpg
土豆工厂,9.4,美国,剧情,https://movie.douban.com/subject/1793083/,https://img3.doubanio.com/view/photo/s_ratio_poster/public/p2233036824.jpg
冰上卡门,9.3,美国,剧情,https://movie.douban.com/subject/1998081/,https://img3.doubanio.com/lpic/s4044014.jpg
泰坦尼克号,9.2,美国,剧情,https://movie.douban.com/subject/1292722/,https://img3.doubanio.com/view/photo/s_ratio_poster/public/p457760035.jpg
海上钢琴师,9.2,美国,剧情,https://movie.douban.com/subject/1292001/,https://img1.doubanio.com/view/photo/s_ratio_poster/public/p511146807.jpg
忠犬八公的故事,9.2,美国,剧情,https://movie.douban.com/subject/3011091/,https://img3.doubanio.com/view/photo/s_ratio_poster/public/p524964016.jpg
霸王别姬,9.5,香港,剧情,https://movie.douban.com/subject/1291546/,https://img3.doubanio.com/view/photo/s_ratio_poster/public/p1910813120.jpg
Small Matters 音乐录像故事,9.4,香港,剧情,https://movie.douban.com/subject/2295463/,https://img1.doubanio.com/lpic/s2752638.jpg
背靠背，脸对脸,9.3,香港,剧情,https://movie.douban.com/subject/1307856/,https://img1.doubanio.com/view/photo/s_ratio_poster/public/p2505048077.jpg
帝女花,9.3,香港,剧情,https://movie.douban.com/subject/1918697/,https://img1.doubanio.com/view/photo/s_ratio_poster/public/p2324412917.jpg
大话西游之大圣娶亲,9.2,香港,剧情,https://movie.douban.com/subject/1292213/,https://img3.doubanio.com/view/photo/s_ratio_poster/public/p2455050536.jpg
幸福的旁边,9.0,香港,剧情,https://movie.douban.com/subject/26879897/,https://img3.doubanio.com/view/photo/s_ratio_poster/public/p2503447611.jpg
活着,9.1,香港,剧情,https://movie.douban.com/subject/1292365/,https://img3.doubanio.com/view/photo/s_ratio_poster/public/p2173575484.jpg
南海十三郎,9.1,香港,剧情,https://movie.douban.com/subject/1303913/,https://img1.doubanio.com/view/photo/s_ratio_poster/public/p2328424489.jpg
无间道,9.0,香港,剧情,https://movie.douban.com/subject/1307914/,https://img3.doubanio.com/view/photo/s_ratio_poster/public/p2233971046.jpg
上海滩,9.0,香港,剧情,https://movie.douban.com/subject/6311260/,https://img3.doubanio.com/view/photo/s_ratio_poster/public/p2344833803.jpg
霹雳兵燹,9.3,台湾,剧情,https://movie.douban.com/subject/1920838/,https://img1.doubanio.com/view/photo/s_ratio_poster/public/p1492646738.jpg
冲天,9.2,台湾,剧情,https://movie.douban.com/subject/26602234/,https://img3.doubanio.com/view/photo/s_ratio_poster/public/p2279974285.jpg
时之繁花,9.2,台湾,剧情,https://movie.douban.com/subject/25774028/,https://img3.doubanio.com/view/photo/s_ratio_poster/public/p2216519411.jpg
饮食男女,9.1,台湾,剧情,https://movie.douban.com/subject/1291818/,https://img3.doubanio.com/view/photo/s_ratio_poster/public/p1910899751.jpg
少年派的奇幻漂流,9.0,台湾,剧情,https://movie.douban.com/subject/1929463/,https://img3.doubanio.com/view/photo/s_ratio_poster/public/p1784592701.jpg
长假,9.0,台湾,剧情,https://movie.douban.com/subject/3098844/,https://img3.doubanio.com/view/photo/s_ratio_poster/public/p2153135246.jpg
Arch Enemy: Tyrants of the Rising Sun,9.6,日本,剧情,https://movie.douban.com/subject/4170515/,https://img3.doubanio.com/lpic/s4078391.jpg
银魂：白夜叉降诞预告,9.5,日本,剧情,https://movie.douban.com/subject/4236817/,https://img1.doubanio.com/view/photo/s_ratio_poster/public/p2214620528.jpg
银魂：无论什么事开始虽然重要但伸个懒腰的话也不错,9.5,日本,剧情,https://movie.douban.com/subject/4116936/,https://img3.doubanio.com/view/photo/s_ratio_poster/public/p2221047675.jpg
北国之恋：2002遗言,9.5,日本,剧情,https://movie.douban.com/subject/2025137/,https://img1.doubanio.com/view/photo/s_ratio_poster/public/p2508558327.jpg
北国之恋：1987初恋,9.5,日本,剧情,https://movie.douban.com/subject/3794147/,https://img3.doubanio.com/view/photo/s_ratio_poster/public/p2472830331.jpg
北国之恋：1995秘密,9.5,日本,剧情,https://movie.douban.com/subject/2025130/,https://img3.doubanio.com/view/photo/s_ratio_poster/public/p2508557411.jpg
北国之恋：1984夏天,9.5,日本,剧情,https://movie.douban.com/subject/3794146/,https://img3.doubanio.com/view/photo/s_ratio_poster/public/p2472828763.jpg
北国之恋：1992自立,9.5,日本,剧情,https://movie.douban.com/subject/2025124/,https://img3.doubanio.com/view/photo/s_ratio_poster/public/p2508557701.jpg
北国之恋：1989归乡,9.5,日本,剧情,https://movie.douban.com/subject/3794149/,https://img3.doubanio.com/view/photo/s_ratio_poster/public/p2143869665.jpg
北国之恋：1998时代,9.5,日本,剧情,https://movie.douban.com/subject/2025138/,https://img3.doubanio.com/view/photo/s_ratio_poster/public/p2323647341.jpg
转世熏风,9.5,日本,剧情,https://movie.douban.com/subject/25745644/,https://img3.doubanio.com/view/photo/s_ratio_poster/public/p2317900073.jpg
h,9.5,日本,剧情,https://movie.douban.com/subject/26555978/,https://img3.doubanio.com/view/photo/s_ratio_poster/public/p2256610543.jpg
奥丁领域,9.5,日本,剧情,https://movie.douban.com/subject/5450837/,https://img3.doubanio.com/view/photo/s_ratio_poster/public/p784512610.jpg
新世纪福音战士剧场版：Air/真心为你,9.4,日本,剧情,https://movie.douban.com/subject/1308892/,https://img1.doubanio.com/view/photo/s_ratio_poster/public/p2199653749.jpg
夏目友人帐 第六季 特别篇 铃响的残株,9.4,日本,剧情,https://movie.douban.com/subject/27121232/,https://img3.doubanio.com/view/photo/s_ratio_poster/public/p2497232204.jpg
回忆积木小屋,9.3,日本,剧情,https://movie.douban.com/subject/3560787/,https://img3.doubanio.com/view/photo/s_ratio_poster/public/p2205961264.jpg
银魂完结篇：直到永远的万事屋,9.3,日本,剧情,https://movie.douban.com/subject/11615927/,https://img3.doubanio.com/view/photo/s_ratio_poster/public/p2258024316.jpg
夏目友人帐 五 特别篇：一夜酒杯,9.3,日本,剧情,https://movie.douban.com/subject/27011740/,https://img3.doubanio.com/view/photo/s_ratio_poster/public/p2454093081.jpg
北国之恋：1983冬天,9.3,日本,剧情,https://movie.douban.com/subject/3794145/,https://img1.doubanio.com/view/photo/s_ratio_poster/public/p2472822148.jpg
宇宙兄弟#0,9.3,日本,剧情,https://movie.douban.com/subject/25792658/,https://img3.doubanio.com/view/photo/s_ratio_poster/public/p2192962095.jpg
栗色小天使,9.2,日本,剧情,https://movie.douban.com/subject/2376466/,https://img3.doubanio.com/view/photo/s_ratio_poster/public/p1510442260.jpg
铃兰：少女萌的故事,9.3,日本,剧情,https://movie.douban.com/subject/2065097/,https://img3.doubanio.com/view/photo/s_ratio_poster/public/p2195973053.jpg
俺たちに明日はある,9.3,日本,剧情,https://movie.douban.com/subject/25934120/,https://img3.doubanio.com/view/photo/s_ratio_poster/public/p2195248973.jpg
阿信的故事,9.2,日本,剧情,https://movie.douban.com/subject/5173048/,https://img3.doubanio.com/view/photo/s_ratio_poster/public/p2502852036.jpg
千与千寻,9.2,日本,剧情,https://movie.douban.com/subject/1291561/,https://img3.doubanio.com/view/photo/s_ratio_poster/public/p1910830216.jpg
七武士,9.2,日本,剧情,https://movie.douban.com/subject/1295399/,https://img3.doubanio.com/view/photo/s_ratio_poster/public/p647099823.jpg
东京物语,9.2,日本,剧情,https://movie.douban.com/subject/1291568/,https://img3.doubanio.com/view/photo/s_ratio_poster/public/p1910832390.jpg
福音战士新剧场版：破,9.2,日本,剧情,https://movie.douban.com/subject/2567646/,https://img3.doubanio.com/view/photo/s_ratio_poster/public/p1026522114.jpg
切腹,9.2,日本,剧情,https://movie.douban.com/subject/1304920/,https://img3.doubanio.com/view/photo/s_ratio_poster/public/p2151748293.jpg
夏目友人帐：曾几何时下雪之日,9.2,日本,剧情,https://movie.douban.com/subject/25736048/,https://img3.doubanio.com/view/photo/s_ratio_poster/public/p2151897085.jpg
虎与龙SP,9.2,日本,剧情,https://movie.douban.com/subject/3118848/,https://img3.doubanio.com/view/photo/s_ratio_poster/public/p809505182.jpg
虫师 铃之滴,9.2,日本,剧情,https://movie.douban.com/subject/26287114/,https://img3.doubanio.com/view/photo/s_ratio_poster/public/p2237552672.jpg
新世纪福音战士剧场版：复兴,9.2,日本,剧情,https://movie.douban.com/subject/20458867/,https://img3.doubanio.com/view/photo/s_ratio_poster/public/p2227584460.jpg
机动战士高达 THE ORIGIN III 破晓的起义,9.2,日本,剧情,https://movie.douban.com/subject/26359261/,https://img3.doubanio.com/view/photo/s_ratio_poster/public/p2325456546.jpg
身毒丸,9.2,日本,剧情,https://movie.douban.com/subject/20326528/,https://img3.doubanio.com/view/photo/s_ratio_poster/public/p2221417442.jpg
机动战士高达THE ORIGIN V 激战 鲁姆战役篇,9.3,日本,剧情,https://movie.douban.com/subject/26919026/,https://img1.doubanio.com/view/photo/s_ratio_poster/public/p2495283318.jpg
TAIMAGURA 奶奶,9.2,日本,剧情,https://movie.douban.com/subject/3391850/,https://img3.doubanio.com/lpic/s3521932.jpg
阿修_城の瞳2003,9.2,日本,剧情,https://movie.douban.com/subject/26362349/,https://img3.doubanio.com/view/photo/s_ratio_poster/public/p2237542656.jpg
牧野村千年物语,9.2,日本,剧情,https://movie.douban.com/subject/2268963/,https://img1.doubanio.com/view/photo/s_ratio_poster/public/p1447177777.jpg
卡里古拉,9.3,日本,剧情,https://movie.douban.com/subject/26843144/,https://img3.doubanio.com/view/photo/s_ratio_poster/public/p2369252025.jpg
最完美的离婚 2014特别篇,9.1,日本,剧情,https://movie.douban.com/subject/25790749/,https://img1.doubanio.com/view/photo/s_ratio_poster/public/p2186872257.jpg
女人步上楼梯时,9.1,日本,剧情,https://movie.douban.com/subject/1419479/,https://img3.doubanio.com/view/photo/s_ratio_poster/public/p2462525755.jpg
命运石之门：横行跋扈的浪荡之徒,9.1,日本,剧情,https://movie.douban.com/subject/10521690/,https://img3.doubanio.com/view/photo/s_ratio_poster/public/p1432532161.jpg
倒数第二次恋爱 2012秋SP,9.1,日本,剧情,https://movie.douban.com/subject/19955789/,https://img3.doubanio.com/view/photo/s_ratio_poster/public/p1998695160.jpg
空之境界 未来福音,9.1,日本,剧情,https://movie.douban.com/subject/11499092/,https://img1.doubanio.com/view/photo/s_ratio_poster/public/p2037135869.jpg
情迷意乱,9.1,日本,剧情,https://movie.douban.com/subject/1422091/,https://img3.doubanio.com/view/photo/s_ratio_poster/public/p1449763371.jpg
机器的复兴：第1部,9.1,日本,剧情,https://movie.douban.com/subject/2049553/,https://img3.doubanio.com/view/photo/s_ratio_poster/public/p2189949483.jpg
虫师 续章 荆棘之路,9.1,日本,剧情,https://movie.douban.com/subject/25915882/,https://img3.doubanio.com/view/photo/s_ratio_poster/public/p2189258450.jpg
天元突破剧场版：螺岩篇,9.1,日本,剧情,https://movie.douban.com/subject/3727748/,https://img3.doubanio.com/view/photo/s_ratio_poster/public/p937216094.jpg
钢之炼金术师：那也是他的战场,9.0,日本,剧情,https://movie.douban.com/subject/5294292/,https://img1.doubanio.com/view/photo/s_ratio_poster/public/p2364730827.jpg
人间的条件(第五、六部),9.1,日本,剧情,https://movie.douban.com/subject/1441039/,https://img3.doubanio.com/view/photo/s_ratio_poster/public/p2327866185.jpg
蛮幽鬼,9.1,日本,剧情,https://movie.douban.com/subject/26425434/,https://img3.doubanio.com/view/photo/s_ratio_poster/public/p2385322366.jpg
忠犬八公物语,9.0,日本,剧情,https://movie.douban.com/subject/1959195/,https://img3.doubanio.com/view/photo/s_ratio_poster/public/p2297934945.jpg
无人知晓,9.0,日本,剧情,https://movie.douban.com/subject/1292337/,https://img3.doubanio.com/view/photo/s_ratio_poster/public/p661160053.jpg
攻壳机动队2：无罪,9.0,日本,剧情,https://movie.douban.com/subject/1291566/,https://img1.doubanio.com/view/photo/s_ratio_poster/public/p453466108.jpg
红鱼,9.0,日本,剧情,https://movie.douban.com/subject/26266892/,https://img3.doubanio.com/view/photo/s_ratio_poster/public/p2315734512.jpg
凉宫春日的消失,9.0,日本,剧情,https://movie.douban.com/subject/4074292/,https://img3.doubanio.com/view/photo/s_ratio_poster/public/p2246432125.jpg
空之境界 第七章 杀人考察（后）,9.0,日本,剧情,https://movie.douban.com/subject/3399553/,https://img3.doubanio.com/view/photo/s_ratio_poster/public/p2202703811.jpg
生之欲,9.0,日本,剧情,https://movie.douban.com/subject/1293847/,https://img3.doubanio.com/view/photo/s_ratio_poster/public/p2327887726.jpg
召唤恶魔阿萨谢尔OAD：路西法篇,9.0,日本,剧情,https://movie.douban.com/subject/10767534/,https://img3.doubanio.com/view/photo/s_ratio_poster/public/p2509350226.jpg
机动战士高达：逆袭的夏亚,9.0,日本,剧情,https://movie.douban.com/subject/1401536/,https://img3.doubanio.com/view/photo/s_ratio_poster/public/p546980785.jpg
木更津猫眼 世界系列,9.0,日本,剧情,https://movie.douban.com/subject/1793394/,https://img3.doubanio.com/view/photo/s_ratio_poster/public/p764157116.jpg
空之境界 未来福音 extra chorus,9.0,日本,剧情,https://movie.douban.com/subject/24861238/,https://img3.doubanio.com/view/photo/s_ratio_poster/public/p2215965143.jpg
古x任三郎 最后之舞,9.0,日本,剧情,https://movie.douban.com/subject/10558406/,https://img3.doubanio.com/view/photo/s_ratio_poster/public/p2155138955.jpg
少女与战车 剧场版,9.0,日本,剧情,https://movie.douban.com/subject/24460604/,https://img1.doubanio.com/view/photo/s_ratio_poster/public/p2290872319.jpg
2112年 哆啦A梦诞生,9.0,日本,剧情,https://movie.douban.com/subject/3558793/,https://img1.doubanio.com/view/photo/s_ratio_poster/public/p2507589858.jpg
一碗阳春面,9.0,日本,剧情,https://movie.douban.com/subject/2062564/,https://img3.doubanio.com/view/photo/s_ratio_poster/public/p2182803213.jpg
夏目友人帐 第五季 特别篇 游戏盛宴,9.0,日本,剧情,https://movie.douban.com/subject/27017278/,https://img3.doubanio.com/view/photo/s_ratio_poster/public/p2455096331.jpg
8UPPERS FEATURE MUSIC FILM,9.1,日本,剧情,https://movie.douban.com/subject/6839118/,https://img1.doubanio.com/view/photo/s_ratio_poster/public/p1210671627.jpg
机动战士高达 THE ORIGIN IV 命运前夜,9.0,日本,剧情,https://movie.douban.com/subject/26359260/,https://img3.doubanio.com/view/photo/s_ratio_poster/public/p2409626594.jpg
水星领航员 OVA,9.0,日本,剧情,https://movie.douban.com/subject/2258612/,https://img3.doubanio.com/view/photo/s_ratio_poster/public/p2296508626.jpg
最游记外传OVA第三卷：萌芽之章,9.0,日本,剧情,https://movie.douban.com/subject/25703568/,https://img1.doubanio.com/view/photo/s_ratio_poster/public/p2096699907.jpg
寅次郎的故事15：鸳鸯伞,9.0,日本,剧情,https://movie.douban.com/subject/1416702/,https://img3.doubanio.com/view/photo/s_ratio_poster/public/p2333007611.jpg
乱莺,9.0,日本,剧情,https://movie.douban.com/subject/26897405/,https://img3.doubanio.com/view/photo/s_ratio_poster/public/p2461995492.jpg
浮浪云,9.0,日本,剧情,https://movie.douban.com/subject/5913049/,https://img3.doubanio.com/view/photo/s_ratio_poster/public/p1861863995.jpg
出租车,9.6,韩国,剧情,https://movie.douban.com/subject/26994877/,https://img3.doubanio.com/view/photo/s_ratio_poster/public/p2445935214.jpg
徐谐仁短片“午夜出租车”,,韩国,剧情,https://movie.douban.com/subject/25960901/,https://img3.doubanio.com/view/photo/s_ratio_poster/public/p2196186376.jpg
The Day,9.2,韩国,剧情,https://movie.douban.com/subject/10527280/,https://img3.doubanio.com/view/photo/s_ratio_poster/public/p2166936751.jpg
辩护人,9.1,韩国,剧情,https://movie.douban.com/subject/21937445/,https://img3.doubanio.com/view/photo/s_ratio_poster/public/p2158166535.jpg
素媛,9.1,韩国,剧情,https://movie.douban.com/subject/21937452/,https://img3.doubanio.com/view/photo/s_ratio_poster/public/p2118532944.jpg
共犯者们,9.2,韩国,剧情,https://movie.douban.com/subject/27101775/,https://img3.doubanio.com/view/photo/s_ratio_poster/public/p2494631724.jpg
出租车司机冒险记,9.2,韩国,剧情,https://movie.douban.com/subject/4705150/,https://img3.doubanio.com/view/photo/s_ratio_poster/public/p2502580762.jpg
一个女人的一生,9.1,韩国,剧情,https://movie.douban.com/subject/3113812/,https://img3.doubanio.com/view/photo/s_ratio_poster/public/p2506745943.jpg
我爱你,9.0,韩国,剧情,https://movie.douban.com/subject/5908478/,https://img1.doubanio.com/view/photo/s_ratio_poster/public/p1075591188.jpg
爱・回家,9.0,韩国,剧情,https://movie.douban.com/subject/1299361/,https://img3.doubanio.com/view/photo/s_ratio_poster/public/p2107418134.jpg
剧院魅影：25周年纪念演出,9.7,英国,剧情,https://movie.douban.com/subject/24751811/,https://img3.doubanio.com/view/photo/s_ratio_poster/public/p2006533765.jpg
憨豆先生精选辑,9.6,英国,剧情,https://movie.douban.com/subject/5133063/,https://img3.doubanio.com/view/photo/s_ratio_poster/public/p2354179225.jpg
天使在美国第二部：重建,9.5,英国,剧情,https://movie.douban.com/subject/27045950/,https://img3.doubanio.com/view/photo/s_ratio_poster/public/p2474462430.jpg
时空冒险,9.5,英国,剧情,https://movie.douban.com/subject/24298647/,https://img3.doubanio.com/view/photo/s_ratio_poster/public/p2173858926.jpg
跳出我天地音乐剧,9.4,英国,剧情,https://movie.douban.com/subject/26264388/,https://img3.doubanio.com/view/photo/s_ratio_poster/public/p2215874393.jpg
天使在美国第一部：千禧年降临,9.4,英国,剧情,https://movie.douban.com/subject/27021257/,https://img3.doubanio.com/view/photo/s_ratio_poster/public/p2455727120.jpg
绿洲MTV不插电演唱会,9.5,英国,剧情,https://movie.douban.com/subject/3827301/,https://img3.doubanio.com/lpic/s4099993.jpg
h,9.5,英国,剧情,https://movie.douban.com/subject/26555978/,https://img3.doubanio.com/view/photo/s_ratio_poster/public/p2256610543.jpg
文艺趣向,9.5,英国,剧情,https://movie.douban.com/subject/26637592/,https://img3.doubanio.com/view/photo/s_ratio_poster/public/p2325812941.jpg
唐顿庄园：2015圣诞特别篇,9.4,英国,剧情,https://movie.douban.com/subject/26320001/,https://img3.doubanio.com/view/photo/s_ratio_poster/public/p2292519115.jpg
弗兰肯斯坦,9.4,英国,剧情,https://movie.douban.com/subject/10508921/,https://img3.doubanio.com/view/photo/s_ratio_poster/public/p2252273146.jpg
控方证人,9.4,英国,剧情,https://movie.douban.com/subject/5294851/,https://img3.doubanio.com/view/photo/s_ratio_poster/public/p2367853261.jpg
小巨人 3D,9.4,英国,剧情,https://movie.douban.com/subject/26278784/,https://img3.doubanio.com/view/photo/s_ratio_poster/public/p2231894202.jpg
神秘博士2005慈善特辑：帮助儿童,9.4,英国,剧情,https://movie.douban.com/subject/10577674/,https://img3.doubanio.com/view/photo/s_ratio_poster/public/p1826505672.jpg
博弈论,9.4,英国,剧情,https://movie.douban.com/subject/3272459/,https://img3.doubanio.com/view/photo/s_ratio_poster/public/p2254959230.jpg
Christina Aguilera: Back to Basics - Live and Down Under,9.4,英国,剧情,https://movie.douban.com/subject/3060405/,https://img3.doubanio.com/view/photo/s_ratio_poster/public/p2498697744.jpg
保罗・爱丁顿：好人一生,9.4,英国,剧情,https://movie.douban.com/subject/5990158/,https://img3.doubanio.com/lpic/s4644832.jpg
Inception,9.3,英国,剧情,https://movie.douban.com/subject/03541415/,https://img3.doubanio.com/view/photo/s_ratio_poster/public/p513344864.jpg
极品基老伴：完结篇,9.3,英国,剧情,https://movie.douban.com/subject/26700818/,https://img3.doubanio.com/view/photo/s_ratio_poster/public/p2360539785.jpg
神秘博士特别篇：时间尽头(下),9.3,英国,剧情,https://movie.douban.com/subject/4215755/,https://img1.doubanio.com/view/photo/s_ratio_poster/public/p2151699747.jpg
当哈利离别霍格沃茨,9.3,英国,剧情,https://movie.douban.com/subject/7053733/,https://img3.doubanio.com/view/photo/s_ratio_poster/public/p2155293242.jpg
女王召见,9.3,英国,剧情,https://movie.douban.com/subject/25717552/,https://img3.doubanio.com/view/photo/s_ratio_poster/public/p2119628656.jpg
绿翼：圣诞特别篇,9.3,英国,剧情,https://movie.douban.com/subject/10535616/,https://img1.doubanio.com/view/photo/s_ratio_poster/public/p2173751587.jpg
幕后危机(特别版),9.3,英国,剧情,https://movie.douban.com/subject/10573682/,https://img1.doubanio.com/view/photo/s_ratio_poster/public/p2212335757.jpg
土豆工厂,9.4,英国,剧情,https://movie.douban.com/subject/1793083/,https://img3.doubanio.com/view/photo/s_ratio_poster/public/p2233036824.jpg
霍洛维茨伦敦钢琴独奏会,9.3,英国,剧情,https://movie.douban.com/subject/2342122/,https://img3.doubanio.com/lpic/s4184172.jpg
忠犬八公的故事,9.2,英国,剧情,https://movie.douban.com/subject/3011091/,https://img3.doubanio.com/view/photo/s_ratio_poster/public/p524964016.jpg
父与女,9.2,英国,剧情,https://movie.douban.com/subject/1300395/,https://img1.doubanio.com/view/photo/s_ratio_poster/public/p2318217897.jpg
唐顿庄园：2011圣诞特别篇,9.2,英国,剧情,https://movie.douban.com/subject/6870362/,https://img1.doubanio.com/view/photo/s_ratio_poster/public/p1711501188.jpg
蒙哥,9.2,英国,剧情,https://movie.douban.com/subject/3012012/,https://img3.doubanio.com/view/photo/s_ratio_poster/public/p1214028386.jpg
神秘博士特别篇：时间尽头(上),9.2,英国,剧情,https://movie.douban.com/subject/4215662/,https://img3.doubanio.com/view/photo/s_ratio_poster/public/p2508913152.jpg
神秘博士：时间冲撞,9.2,英国,剧情,https://movie.douban.com/subject/4188543/,https://img3.doubanio.com/view/photo/s_ratio_poster/public/p523688466.jpg
斑点带子案,9.2,英国,剧情,https://movie.douban.com/subject/3231171/,https://img3.doubanio.com/view/photo/s_ratio_poster/public/p1779190432.jpg
最后一案,9.2,英国,剧情,https://movie.douban.com/subject/3603187/,https://img1.doubanio.com/view/photo/s_ratio_poster/public/p2400689858.jpg
住院的病人,9.2,英国,剧情,https://movie.douban.com/subject/3603173/,https://img1.doubanio.com/view/photo/s_ratio_poster/public/p499779719.jpg
布鲁斯―帕廷顿计划,9.2,英国,剧情,https://movie.douban.com/subject/3607057/,https://img3.doubanio.com/view/photo/s_ratio_poster/public/p2173230213.jpg
呼叫助产士：2012圣诞特别篇,9.2,英国,剧情,https://movie.douban.com/subject/20494747/,https://img3.doubanio.com/view/photo/s_ratio_poster/public/p2174965075.jpg
呼叫助产士：2013圣诞特别篇,9.2,英国,剧情,https://movie.douban.com/subject/25702328/,https://img1.doubanio.com/view/photo/s_ratio_poster/public/p2174965118.jpg
灵力魔术师达伦布朗秀,9.2,英国,剧情,https://movie.douban.com/subject/1890430/,https://img3.doubanio.com/lpic/s3732021.jpg
怒海英雄：回报,9.2,英国,剧情,https://movie.douban.com/subject/1889703/,https://img3.doubanio.com/view/photo/s_ratio_poster/public/p2278610124.jpg
清秀佳人第二部,9.2,英国,剧情,https://movie.douban.com/subject/5047697/,https://img3.doubanio.com/view/photo/s_ratio_poster/public/p1968503455.jpg
Tuesday,9.2,英国,剧情,https://movie.douban.com/subject/1783531/,https://img1.doubanio.com/lpic/s1798118.jpg
星际穿越,9.1,英国,剧情,https://movie.douban.com/subject/1889243/,https://img3.doubanio.com/view/photo/s_ratio_poster/public/p2206088801.jpg
两杆大烟枪,9.1,英国,剧情,https://movie.douban.com/subject/1293350/,https://img1.doubanio.com/view/photo/s_ratio_poster/public/p792443418.jpg
黑镜：圣诞特别篇,9.1,英国,剧情,https://movie.douban.com/subject/25964630/,https://img3.doubanio.com/view/photo/s_ratio_poster/public/p2233676442.jpg
人鼠之间,9.1,英国,剧情,https://movie.douban.com/subject/26431592/,https://img3.doubanio.com/view/photo/s_ratio_poster/public/p2252276881.jpg
第二块血迹,9.1,英国,剧情,https://movie.douban.com/subject/3607018/,https://img3.doubanio.com/view/photo/s_ratio_poster/public/p2231929734.jpg
魔鬼之足,9.1,英国,剧情,https://movie.douban.com/subject/3607038/,https://img3.doubanio.com/view/photo/s_ratio_poster/public/p2176270423.jpg
银色马,9.1,英国,剧情,https://movie.douban.com/subject/3607042/,https://img3.doubanio.com/view/photo/s_ratio_poster/public/p2184889394.jpg
弗朗西丝・卡法克斯女士的失踪,9.1,英国,剧情,https://movie.douban.com/subject/3610756/,https://img3.doubanio.com/view/photo/s_ratio_poster/public/p2279003733.jpg
炼狱,9.1,英国,剧情,https://movie.douban.com/subject/26288174/,https://img3.doubanio.com/view/photo/s_ratio_poster/public/p2403960244.jpg
临时演员圣诞特辑,9.1,英国,剧情,https://movie.douban.com/subject/2377036/,https://img3.doubanio.com/lpic/s3914200.jpg
街头友爱之情,9.1,英国,剧情,https://movie.douban.com/subject/2255927/,https://img3.doubanio.com/view/photo/s_ratio_poster/public/p1887003663.jpg
战马,9.1,英国,剧情,https://movie.douban.com/subject/25768090/,https://img3.doubanio.com/view/photo/s_ratio_poster/public/p2172204665.jpg
出租车司机冒险记,9.2,英国,剧情,https://movie.douban.com/subject/4705150/,https://img3.doubanio.com/view/photo/s_ratio_poster/public/p2502580762.jpg
后街男孩：二十年全记录,9.0,英国,剧情,https://movie.douban.com/subject/25978132/,https://img3.doubanio.com/view/photo/s_ratio_poster/public/p2217658986.jpg
水獭塔卡,9.1,英国,剧情,https://movie.douban.com/subject/2016065/,https://img3.doubanio.com/view/photo/s_ratio_poster/public/p2190708371.jpg
怒海英雄：忠诚,9.0,英国,剧情,https://movie.douban.com/subject/1889706/,https://img3.doubanio.com/view/photo/s_ratio_poster/public/p2325137626.jpg
怒海英雄：叛乱,9.1,英国,剧情,https://movie.douban.com/subject/1889700/,https://img1.doubanio.com/lpic/s1832238.jpg
贝尔斯通之狐,9.1,英国,剧情,https://movie.douban.com/subject/1840488/,https://img1.doubanio.com/view/photo/s_ratio_poster/public/p2496732019.jpg
影子大地,9.0,英国,剧情,https://movie.douban.com/subject/1299515/,https://img3.doubanio.com/view/photo/s_ratio_poster/public/p2427877973.jpg
神秘博士圣诞时刻,9.1,英国,剧情,https://movie.douban.com/subject/21354158/,https://img3.doubanio.com/lpic/s24976003.jpg
反叛的童谣,9.1,英国,剧情,https://movie.douban.com/subject/27073245/,https://img3.doubanio.com/view/photo/s_ratio_poster/public/p2507016491.jpg
歌唱神探,9.1,英国,剧情,https://movie.douban.com/subject/1499667/,https://img3.doubanio.com/lpic/s4178164.jpg
少年派的奇幻漂流,9.0,英国,剧情,https://movie.douban.com/subject/1929463/,https://img3.doubanio.com/view/photo/s_ratio_poster/public/p1784592701.jpg
蝙蝠侠：黑暗骑士,9.0,英国,剧情,https://movie.douban.com/subject/1851857/,https://img3.doubanio.com/view/photo/s_ratio_poster/public/p462657443.jpg
钢琴家,9.0,英国,剧情,https://movie.douban.com/subject/1296736/,https://img3.doubanio.com/view/photo/s_ratio_poster/public/p792484461.jpg
远在天边,9.0,英国,剧情,https://movie.douban.com/subject/3358309/,https://img3.doubanio.com/view/photo/s_ratio_poster/public/p2249033592.jpg
神探夏洛克：福至如归,9.0,英国,剧情,https://movie.douban.com/subject/25798411/,https://img3.doubanio.com/view/photo/s_ratio_poster/public/p2412522760.jpg
神秘博士：火星之水,9.0,英国,剧情,https://movie.douban.com/subject/4144683/,https://img3.doubanio.com/view/photo/s_ratio_poster/public/p2151616662.jpg
流浪者之歌,9.0,英国,剧情,https://movie.douban.com/subject/1303525/,https://img3.doubanio.com/view/photo/s_ratio_poster/public/p2267333084.jpg
特里・普拉切特：选择死亡,9.0,英国,剧情,https://movie.douban.com/subject/6527249/,https://img3.doubanio.com/view/photo/s_ratio_poster/public/p2228172754.jpg
福尔摩斯：跳舞的人,9.0,英国,剧情,https://movie.douban.com/subject/3230514/,https://img3.doubanio.com/view/photo/s_ratio_poster/public/p2227698244.jpg
四签名,9.0,英国,剧情,https://movie.douban.com/subject/3130431/,https://img3.doubanio.com/view/photo/s_ratio_poster/public/p659862480.jpg
格兰其庄园,9.0,英国,剧情,https://movie.douban.com/subject/3603220/,https://img3.doubanio.com/view/photo/s_ratio_poster/public/p1079291605.jpg
彩虹,9.0,英国,剧情,https://movie.douban.com/subject/1971485/,https://img3.doubanio.com/view/photo/s_ratio_poster/public/p503390374.jpg
呼叫助产士：2014圣诞特别篇,9.0,英国,剧情,https://movie.douban.com/subject/25986298/,https://img1.doubanio.com/view/photo/s_ratio_poster/public/p2259011769.jpg
怒海英雄：火攻船,9.0,英国,剧情,https://movie.douban.com/subject/1889694/,https://img3.doubanio.com/view/photo/s_ratio_poster/public/p2278610371.jpg
怒海英雄：公爵夫人与恶魔,9.0,英国,剧情,https://movie.douban.com/subject/1889695/,https://img3.doubanio.com/view/photo/s_ratio_poster/public/p2278607774.jpg
乔治・奥威尔：影像人生,9.0,英国,剧情,https://movie.douban.com/subject/3122752/,https://img1.doubanio.com/view/photo/s_ratio_poster/public/p2495851367.jpg
莫扎特 歌剧《唐・乔万尼》（唐璜）,9.1,英国,剧情,https://movie.douban.com/subject/1877242/,https://img3.doubanio.com/lpic/s1812251.jpg
神秘博士：2017圣诞特别篇,8.3,英国,剧情,https://movie.douban.com/subject/27064700/,https://img1.doubanio.com/view/photo/s_ratio_poster/public/p2508153147.jpg
胡桃夹子,9.1,英国,剧情,https://movie.douban.com/subject/3220585/,https://img3.doubanio.com/lpic/s3264335.jpg
歌厅,9.0,英国,剧情,https://movie.douban.com/subject/4047130/,https://img3.doubanio.com/lpic/s8807056.jpg
这个杀手不太冷,9.4,法国,剧情,https://movie.douban.com/subject/1295644/,https://img3.doubanio.com/view/photo/s_ratio_poster/public/p511118051.jpg
巴黎圣母院,9.3,法国,剧情,https://movie.douban.com/subject/20326557/,https://img3.doubanio.com/view/photo/s_ratio_poster/public/p2329626263.jpg
The Work of Director Michel Gondry,9.3,法国,剧情,https://movie.douban.com/subject/1400646/,https://img1.doubanio.com/view/photo/s_ratio_poster/public/p1348801388.jpg
罗密欧与朱丽叶,9.3,法国,剧情,https://movie.douban.com/subject/25928148/,https://img3.doubanio.com/view/photo/s_ratio_poster/public/p2224933614.jpg
土豆工厂,9.4,法国,剧情,https://movie.douban.com/subject/1793083/,https://img3.doubanio.com/view/photo/s_ratio_poster/public/p2233036824.jpg
冰上卡门,9.3,法国,剧情,https://movie.douban.com/subject/1998081/,https://img3.doubanio.com/lpic/s4044014.jpg
放牛班的春天,9.2,法国,剧情,https://movie.douban.com/subject/1291549/,https://img3.doubanio.com/view/photo/s_ratio_poster/public/p1910824951.jpg
调音师,9.2,法国,剧情,https://movie.douban.com/subject/6846495/,https://img1.doubanio.com/view/photo/s_ratio_poster/public/p1529066859.jpg
洞,9.2,法国,剧情,https://movie.douban.com/subject/1424334/,https://img3.doubanio.com/view/photo/s_ratio_poster/public/p1184780820.jpg
触不可及,9.1,法国,剧情,https://movie.douban.com/subject/6786002/,https://img3.doubanio.com/view/photo/s_ratio_poster/public/p1454261925.jpg
天堂电影院,9.1,法国,剧情,https://movie.douban.com/subject/1291828/,https://img3.doubanio.com/view/photo/s_ratio_poster/public/p1910901025.jpg
雇佣人生,9.1,法国,剧情,https://movie.douban.com/subject/3823425/,https://img3.doubanio.com/view/photo/s_ratio_poster/public/p2027109343.jpg
地下,9.1,法国,剧情,https://movie.douban.com/subject/1292206/,https://img3.doubanio.com/view/photo/s_ratio_poster/public/p1833776334.jpg
熊的故事,9.1,法国,剧情,https://movie.douban.com/subject/1300334/,https://img3.doubanio.com/view/photo/s_ratio_poster/public/p2454268056.jpg
卡门,9.1,法国,剧情,https://movie.douban.com/subject/1448669/,https://img3.doubanio.com/view/photo/s_ratio_poster/public/p2500317262.jpg
阿德尔曼夫妇,9.0,法国,剧情,https://movie.douban.com/subject/26951692/,https://img3.doubanio.com/view/photo/s_ratio_poster/public/p2417978591.jpg
奥菲欧与尤丽狄茜,9.1,法国,剧情,https://movie.douban.com/subject/2999288/,https://img3.doubanio.com/view/photo/s_ratio_poster/public/p2186607455.jpg
钢琴家,9.0,法国,剧情,https://movie.douban.com/subject/1296736/,https://img3.doubanio.com/view/photo/s_ratio_poster/public/p792484461.jpg
精神分裂症,9.0,法国,剧情,https://movie.douban.com/subject/3262918/,https://img3.doubanio.com/view/photo/s_ratio_poster/public/p857148064.jpg
请以你的名字呼唤我,9.0,法国,剧情,https://movie.douban.com/subject/26799731/,https://img3.doubanio.com/view/photo/s_ratio_poster/public/p2505525050.jpg
沉静如海,9.0,法国,剧情,https://movie.douban.com/subject/1769507/,https://img3.doubanio.com/view/photo/s_ratio_poster/public/p2365157916.jpg
卡比利亚之夜,9.0,法国,剧情,https://movie.douban.com/subject/1294781/,https://img3.doubanio.com/view/photo/s_ratio_poster/public/p922159253.jpg
爱尔丝小姐,9.0,法国,剧情,https://movie.douban.com/subject/2084602/,https://img1.doubanio.com/view/photo/s_ratio_poster/public/p2153966838.jpg
宝琳和宝莱特,9.0,法国,剧情,https://movie.douban.com/subject/1756409/,https://img3.doubanio.com/lpic/s1627894.jpg
悲惨世界,9.0,法国,剧情,https://movie.douban.com/subject/1963348/,https://img3.doubanio.com/lpic/s1992371.jpg
金球,9.0,法国,剧情,https://movie.douban.com/subject/3134269/,https://img1.doubanio.com/view/photo/s_ratio_poster/public/p2251344879.jpg
疯马秀,9.0,法国,剧情,https://movie.douban.com/subject/24706615/,https://img1.doubanio.com/view/photo/s_ratio_poster/public/p2154959558.jpg
伊丽莎白,9.6,德国,剧情,https://movie.douban.com/subject/24877005/,https://img3.doubanio.com/view/photo/s_ratio_poster/public/p2264336223.jpg
Christina Aguilera: Back to Basics - Live and Down Under,9.4,德国,剧情,https://movie.douban.com/subject/3060405/,https://img3.doubanio.com/view/photo/s_ratio_poster/public/p2498697744.jpg
冰上卡门,9.3,德国,剧情,https://movie.douban.com/subject/1998081/,https://img3.doubanio.com/lpic/s4044014.jpg
放牛班的春天,9.2,德国,剧情,https://movie.douban.com/subject/1291549/,https://img3.doubanio.com/view/photo/s_ratio_poster/public/p1910824951.jpg
塞维利亚的理发师,9.2,德国,剧情,https://movie.douban.com/subject/1772046/,https://img3.doubanio.com/lpic/s1643193.jpg
祖母的照相馆,9.2,德国,剧情,https://movie.douban.com/subject/11587751/,https://img3.doubanio.com/view/photo/s_ratio_poster/public/p1659366674.jpg
布兰诗歌,9.2,德国,剧情,https://movie.douban.com/subject/3711072/,https://img3.doubanio.com/lpic/s3764132.jpg
窃听风暴,9.1,德国,剧情,https://movie.douban.com/subject/1900841/,https://img1.doubanio.com/view/photo/s_ratio_poster/public/p1808872109.jpg
地下,9.1,德国,剧情,https://movie.douban.com/subject/1292206/,https://img3.doubanio.com/view/photo/s_ratio_poster/public/p1833776334.jpg
费加罗的婚礼,9.1,德国,剧情,https://movie.douban.com/subject/1797500/,https://img1.doubanio.com/view/photo/s_ratio_poster/public/p2272483089.jpg
奥菲欧与尤丽狄茜,9.1,德国,剧情,https://movie.douban.com/subject/2999288/,https://img3.doubanio.com/view/photo/s_ratio_poster/public/p2186607455.jpg
金秋：与时间赛跑,9.1,德国,剧情,https://movie.douban.com/subject/5152067/,https://img3.doubanio.com/lpic/s7020675.jpg
钢琴家,9.0,德国,剧情,https://movie.douban.com/subject/1296736/,https://img3.doubanio.com/view/photo/s_ratio_poster/public/p792484461.jpg
平衡,9.0,德国,剧情,https://movie.douban.com/subject/1408100/,https://img1.doubanio.com/view/photo/s_ratio_poster/public/p2454473678.jpg
沉静如海,9.0,德国,剧情,https://movie.douban.com/subject/1769507/,https://img3.doubanio.com/view/photo/s_ratio_poster/public/p2365157916.jpg
从海底出击,9.0,德国,剧情,https://movie.douban.com/subject/1293909/,https://img3.doubanio.com/view/photo/s_ratio_poster/public/p2088879323.jpg
纽伦堡的审判,9.0,德国,剧情,https://movie.douban.com/subject/1292589/,https://img3.doubanio.com/view/photo/s_ratio_poster/public/p922207281.jpg
威尔第 歌剧电影《弄臣》,9.0,德国,剧情,https://movie.douban.com/subject/1443651/,https://img3.doubanio.com/lpic/s1459982.jpg
爱尔丝小姐,9.0,德国,剧情,https://movie.douban.com/subject/2084602/,https://img1.doubanio.com/view/photo/s_ratio_poster/public/p2153966838.jpg
莱茵的黄金,9.0,德国,剧情,https://movie.douban.com/subject/1299379/,https://img1.doubanio.com/view/photo/s_ratio_poster/public/p2182197959.jpg
美丽人生,9.5,意大利,剧情,https://movie.douban.com/subject/1292063/,https://img3.doubanio.com/view/photo/s_ratio_poster/public/p510861873.jpg
灿烂人生,9.3,意大利,剧情,https://movie.douban.com/subject/1291831/,https://img3.doubanio.com/view/photo/s_ratio_poster/public/p1161132422.jpg
海上钢琴师,9.2,意大利,剧情,https://movie.douban.com/subject/1292001/,https://img1.doubanio.com/view/photo/s_ratio_poster/public/p511146807.jpg
洞,9.2,意大利,剧情,https://movie.douban.com/subject/1424334/,https://img3.doubanio.com/view/photo/s_ratio_poster/public/p1184780820.jpg
塞维利亚的理发师,9.2,意大利,剧情,https://movie.douban.com/subject/1772046/,https://img3.doubanio.com/lpic/s1643193.jpg
天堂电影院,9.1,意大利,剧情,https://movie.douban.com/subject/1291828/,https://img3.doubanio.com/view/photo/s_ratio_poster/public/p1910901025.jpg
美国往事,9.1,意大利,剧情,https://movie.douban.com/subject/1292262/,https://img1.doubanio.com/view/photo/s_ratio_poster/public/p477229647.jpg
黄金三镖客,9.1,意大利,剧情,https://movie.douban.com/subject/1401118/,https://img1.doubanio.com/view/photo/s_ratio_poster/public/p2101693489.jpg
革命往事,9.1,意大利,剧情,https://movie.douban.com/subject/1301026/,https://img1.doubanio.com/view/photo/s_ratio_poster/public/p2206010357.jpg
费加罗的婚礼,9.1,意大利,剧情,https://movie.douban.com/subject/1797500/,https://img1.doubanio.com/view/photo/s_ratio_poster/public/p2272483089.jpg
请以你的名字呼唤我,9.0,意大利,剧情,https://movie.douban.com/subject/26799731/,https://img3.doubanio.com/view/photo/s_ratio_poster/public/p2505525050.jpg
卡比利亚之夜,9.0,意大利,剧情,https://movie.douban.com/subject/1294781/,https://img3.doubanio.com/view/photo/s_ratio_poster/public/p922159253.jpg
流浪者之歌,9.0,意大利,剧情,https://movie.douban.com/subject/1303525/,https://img3.doubanio.com/view/photo/s_ratio_poster/public/p2267333084.jpg
海蒂,9.0,意大利,剧情,https://movie.douban.com/subject/1925081/,https://img3.doubanio.com/view/photo/s_ratio_poster/public/p2270779943.jpg
威尔第 歌剧电影《弄臣》,9.0,意大利,剧情,https://movie.douban.com/subject/1443651/,https://img3.doubanio.com/lpic/s1459982.jpg
铁路员工,9.0,意大利,剧情,https://movie.douban.com/subject/1306166/,https://img3.doubanio.com/view/photo/s_ratio_poster/public/p2417257193.jpg
莫扎特 歌剧《唐・乔万尼》（唐璜）,9.1,意大利,剧情,https://movie.douban.com/subject/1877242/,https://img3.doubanio.com/lpic/s1812251.jpg
塔可夫斯基的潜行者,9.5,西班牙,剧情,https://movie.douban.com/subject/4100973/,https://img3.doubanio.com/view/photo/s_ratio_poster/public/p2153601890.jpg
黄金三镖客,9.1,西班牙,剧情,https://movie.douban.com/subject/1401118/,https://img1.doubanio.com/view/photo/s_ratio_poster/public/p2101693489.jpg
三傻大闹宝莱坞,9.1,印度,剧情,https://movie.douban.com/subject/3793023/,https://img3.doubanio.com/view/photo/s_ratio_poster/public/p579729551.jpg
摔跤吧！爸爸,9.1,印度,剧情,https://movie.douban.com/subject/26387939/,https://img3.doubanio.com/view/photo/s_ratio_poster/public/p2457983084.jpg
塔可夫斯基的潜行者,9.5,俄罗斯,剧情,https://movie.douban.com/subject/4100973/,https://img3.doubanio.com/view/photo/s_ratio_poster/public/p2153601890.jpg
战争与和平3：1812年,9.2,俄罗斯,剧情,https://movie.douban.com/subject/1303079/,https://img3.doubanio.com/view/photo/s_ratio_poster/public/p2497534741.jpg
青春禁忌游戏,9.2,俄罗斯,剧情,https://movie.douban.com/subject/4264111/,https://img3.doubanio.com/lpic/s7063443.jpg
小猫虎子,9.1,俄罗斯,剧情,https://movie.douban.com/subject/2173840/,https://img1.doubanio.com/view/photo/s_ratio_poster/public/p2376412788.jpg
战争与和平2：娜塔莎・罗斯托娃,9.1,俄罗斯,剧情,https://movie.douban.com/subject/1303712/,https://img3.doubanio.com/view/photo/s_ratio_poster/public/p996286156.jpg
战争与和平4：皮埃尔・别祖霍夫,9.1,俄罗斯,剧情,https://movie.douban.com/subject/1297822/,https://img3.doubanio.com/view/photo/s_ratio_poster/public/p996396830.jpg
士兵之歌,9.0,俄罗斯,剧情,https://movie.douban.com/subject/1295614/,https://img1.doubanio.com/view/photo/s_ratio_poster/public/p806332287.jpg
我是古巴,9.0,俄罗斯,剧情,https://movie.douban.com/subject/1432669/,https://img3.doubanio.com/view/photo/s_ratio_poster/public/p2232357924.jpg
白比姆黑耳朵,9.0,俄罗斯,剧情,https://movie.douban.com/subject/1465465/,https://img3.doubanio.com/view/photo/s_ratio_poster/public/p2182893911.jpg
战争与和平1：安德烈・博尔孔斯基,9.0,俄罗斯,剧情,https://movie.douban.com/subject/1298257/,https://img3.doubanio.com/view/photo/s_ratio_poster/public/p2497018630.jpg
娜斯佳和她的父亲们,9.0,俄罗斯,剧情,https://movie.douban.com/subject/4040438/,https://img3.doubanio.com/view/photo/s_ratio_poster/public/p2190397911.jpg
小鞋子,9.2,伊朗,剧情,https://movie.douban.com/subject/1303021/,https://img3.doubanio.com/view/photo/s_ratio_poster/public/p2173580603.jpg
清秀佳人第二部,9.2,加拿大,剧情,https://movie.douban.com/subject/5047697/,https://img3.doubanio.com/view/photo/s_ratio_poster/public/p1968503455.jpg
太阳马戏团：魔幻森林,9.2,加拿大,剧情,https://movie.douban.com/subject/1451478/,https://img3.doubanio.com/view/photo/s_ratio_poster/public/p1472780643.jpg
星际穿越,9.1,加拿大,剧情,https://movie.douban.com/subject/1889243/,https://img3.doubanio.com/view/photo/s_ratio_poster/public/p2206088801.jpg
车轮不息,9.1,加拿大,剧情,https://movie.douban.com/subject/19955871/,https://img3.doubanio.com/view/photo/s_ratio_poster/public/p1820625966.jpg
小丘月圆,9.1,加拿大,剧情,https://movie.douban.com/subject/1302752/,https://img3.doubanio.com/view/photo/s_ratio_poster/public/p2334104591.jpg
大海的孩子,9.0,加拿大,剧情,https://movie.douban.com/subject/3274441/,https://img3.doubanio.com/view/photo/s_ratio_poster/public/p2206274006.jpg
少年派的奇幻漂流,9.0,加拿大,剧情,https://movie.douban.com/subject/1929463/,https://img3.doubanio.com/view/photo/s_ratio_poster/public/p1784592701.jpg
彩虹,9.0,加拿大,剧情,https://movie.douban.com/subject/1971485/,https://img3.doubanio.com/view/photo/s_ratio_poster/public/p503390374.jpg
土豆工厂,9.4,澳大利亚,剧情,https://movie.douban.com/subject/1793083/,https://img3.doubanio.com/view/photo/s_ratio_poster/public/p2233036824.jpg
奥菲欧与尤丽狄茜,9.1,澳大利亚,剧情,https://movie.douban.com/subject/2999288/,https://img3.doubanio.com/view/photo/s_ratio_poster/public/p2186607455.jpg
负重前行,9.0,澳大利亚,剧情,https://movie.douban.com/subject/26793157/,https://img1.doubanio.com/view/photo/s_ratio_poster/public/p2495304867.jpg
Arch Enemy: Tyrants of the Rising Sun,9.6,瑞典,剧情,https://movie.douban.com/subject/4170515/,https://img3.doubanio.com/lpic/s4078391.jpg
爱玛和丹尼尔的夏天,9.2,瑞典,剧情,https://movie.douban.com/subject/2258917/,https://img1.doubanio.com/lpic/s2704847.jpg
狩猎,9.0,瑞典,剧情,https://movie.douban.com/subject/6985810/,https://img1.doubanio.com/view/photo/s_ratio_poster/public/p1546987967.jpg
后院,9.0,瑞典,剧情,https://movie.douban.com/subject/6539394/,https://img3.doubanio.com/lpic/s6938232.jpg
垃圾场中仙乐扬,9.1,巴西,剧情,https://movie.douban.com/subject/20443027/,https://img3.doubanio.com/view/photo/s_ratio_poster/public/p2282366003.jpg
请以你的名字呼唤我,9.0,巴西,剧情,https://movie.douban.com/subject/26799731/,https://img3.doubanio.com/view/photo/s_ratio_poster/public/p2505525050.jpg
狩猎,9.0,丹麦,剧情,https://movie.douban.com/subject/6985810/,https://img1.doubanio.com/view/photo/s_ratio_poster/public/p1546987967.jpg
克拉姆一家,9.0,丹麦,剧情,https://movie.douban.com/subject/1769053/,https://img3.doubanio.com/view/photo/s_ratio_poster/public/p2293611514.jpg
牡丹亭,9.4,大陆,爱情,https://movie.douban.com/subject/4731050/,https://img1.doubanio.com/view/photo/s_ratio_poster/public/p2365538258.jpg
狐妖小红娘剧场版：月红篇,9.2,大陆,爱情,https://movie.douban.com/subject/26972694/,https://img3.doubanio.com/view/photo/s_ratio_poster/public/p2427045524.jpg
陆游与唐琬,9.3,大陆,爱情,https://movie.douban.com/subject/10877448/,https://img3.doubanio.com/lpic/s10480612.jpg
狐妖小红娘剧场版：王权富贵,9.2,大陆,爱情,https://movie.douban.com/subject/26946612/,https://img3.doubanio.com/view/photo/s_ratio_poster/public/p2409467410.jpg
花为媒,9.1,大陆,爱情,https://movie.douban.com/subject/2357317/,https://img3.doubanio.com/view/photo/s_ratio_poster/public/p2173058450.jpg
金花路5号,9.1,大陆,爱情,https://movie.douban.com/subject/2282452/,https://img3.doubanio.com/view/photo/s_ratio_poster/public/p1961367162.jpg
芙蓉镇,9.0,大陆,爱情,https://movie.douban.com/subject/1297880/,https://img3.doubanio.com/view/photo/s_ratio_poster/public/p2184544013.jpg
红楼梦,9.0,大陆,爱情,https://movie.douban.com/subject/1329969/,https://img3.doubanio.com/view/photo/s_ratio_poster/public/p2322451692.jpg
绝不松开我的拳头,9.0,大陆,爱情,https://movie.douban.com/subject/26199883/,https://img1.doubanio.com/view/photo/s_ratio_poster/public/p2207905589.jpg
控方证人,9.6,美国,爱情,https://movie.douban.com/subject/1296141/,https://img1.doubanio.com/view/photo/s_ratio_poster/public/p1505392928.jpg
威尔和格蕾丝 告别秀,9.6,美国,爱情,https://movie.douban.com/subject/2263259/,https://img1.doubanio.com/view/photo/s_ratio_poster/public/p2408281629.jpg
迈克尔・杰克逊：音乐历史专辑全集,9.6,美国,爱情,https://movie.douban.com/subject/2122919/,https://img3.doubanio.com/lpic/s2541232.jpg
迈克尔・杰克逊：专辑历史记录第二辑,9.6,美国,爱情,https://movie.douban.com/subject/1857382/,https://img1.doubanio.com/lpic/s4145497.jpg
演员工作室：老爸老妈的浪漫史,9.5,美国,爱情,https://movie.douban.com/subject/25855990/,https://img3.doubanio.com/view/photo/s_ratio_poster/public/p2176444996.jpg
NBA黄金50周年纪念特辑,9.6,美国,爱情,https://movie.douban.com/subject/3145883/,https://img3.doubanio.com/view/photo/s_ratio_poster/public/p2381286642.jpg
天使在美国第二部：重建,9.5,美国,爱情,https://movie.douban.com/subject/27045950/,https://img3.doubanio.com/view/photo/s_ratio_poster/public/p2474462430.jpg
阿甘正传,9.4,美国,爱情,https://movie.douban.com/subject/1292720/,https://img1.doubanio.com/view/photo/s_ratio_poster/public/p510876377.jpg
福尔摩斯二世,9.4,美国,爱情,https://movie.douban.com/subject/1303408/,https://img1.doubanio.com/view/photo/s_ratio_poster/public/p2206737207.jpg
snorks,9.4,美国,爱情,https://movie.douban.com/subject/1863428/,https://img3.doubanio.com/lpic/s1796635.jpg
Inception,9.3,美国,爱情,https://movie.douban.com/subject/03541415/,https://img3.doubanio.com/view/photo/s_ratio_poster/public/p513344864.jpg
机器人总动员,9.3,美国,爱情,https://movie.douban.com/subject/2131459/,https://img3.doubanio.com/view/photo/s_ratio_poster/public/p449665982.jpg
图兰朵,9.3,美国,爱情,https://movie.douban.com/subject/11531648/,https://img1.doubanio.com/view/photo/s_ratio_poster/public/p2509441469.jpg
泰坦尼克号,9.2,美国,爱情,https://movie.douban.com/subject/1292722/,https://img3.doubanio.com/view/photo/s_ratio_poster/public/p457760035.jpg
海上钢琴师,9.2,美国,爱情,https://movie.douban.com/subject/1292001/,https://img1.doubanio.com/view/photo/s_ratio_poster/public/p511146807.jpg
疯狂动物城,9.2,美国,爱情,https://movie.douban.com/subject/25662329/,https://img1.doubanio.com/view/photo/s_ratio_poster/public/p2315672647.jpg
乱世佳人,9.2,美国,爱情,https://movie.douban.com/subject/1300267/,https://img3.doubanio.com/view/photo/s_ratio_poster/public/p1963126880.jpg
摩登时代,9.2,美国,爱情,https://movie.douban.com/subject/1294371/,https://img3.doubanio.com/view/photo/s_ratio_poster/public/p2173707976.jpg
城市之光,9.2,美国,爱情,https://movie.douban.com/subject/1293908/,https://img3.doubanio.com/view/photo/s_ratio_poster/public/p2099815842.jpg
生活多美好,9.2,美国,爱情,https://movie.douban.com/subject/1293749/,https://img1.doubanio.com/view/photo/s_ratio_poster/public/p771490367.jpg
你逃我也逃,9.2,美国,爱情,https://movie.douban.com/subject/1303418/,https://img3.doubanio.com/view/photo/s_ratio_poster/public/p1339915772.jpg
A Very Gaga Thanksgiving,9.2,美国,爱情,https://movie.douban.com/subject/7001285/,https://img1.doubanio.com/lpic/s7009578.jpg
天旋地转,9.2,美国,爱情,https://movie.douban.com/subject/5150857/,https://img1.doubanio.com/view/photo/s_ratio_poster/public/p1656099587.jpg
AFI终身成就奖：向梅丽尔・斯特里普致敬,9.2,美国,爱情,https://movie.douban.com/subject/5217322/,https://img1.doubanio.com/lpic/s4475928.jpg
饮食男女,9.1,美国,爱情,https://movie.douban.com/subject/1291818/,https://img3.doubanio.com/view/photo/s_ratio_poster/public/p1910899751.jpg
美国往事,9.1,美国,爱情,https://movie.douban.com/subject/1292262/,https://img1.doubanio.com/view/photo/s_ratio_poster/public/p477229647.jpg
暴力云与送子鹳,9.1,美国,爱情,https://movie.douban.com/subject/3734350/,https://img3.doubanio.com/view/photo/s_ratio_poster/public/p449756673.jpg
马戏团,9.1,美国,爱情,https://movie.douban.com/subject/1299628/,https://img3.doubanio.com/view/photo/s_ratio_poster/public/p2248445275.jpg
卡门,9.1,美国,爱情,https://movie.douban.com/subject/1448669/,https://img3.doubanio.com/view/photo/s_ratio_poster/public/p2500317262.jpg
人人都爱雷蒙德: 最后的笑声,9.1,美国,爱情,https://movie.douban.com/subject/3290527/,https://img3.doubanio.com/lpic/s3353335.jpg
吉屋出租：百老汇剧场版,9.1,美国,爱情,https://movie.douban.com/subject/24857754/,https://img1.doubanio.com/view/photo/s_ratio_poster/public/p2037132488.jpg
艾蒂与茜雅：漫长婚约,9.1,美国,爱情,https://movie.douban.com/subject/4152738/,https://img3.doubanio.com/view/photo/s_ratio_poster/public/p1509382174.jpg
博士的女伴,9.1,美国,爱情,https://movie.douban.com/subject/11625156/,https://img3.doubanio.com/view/photo/s_ratio_poster/public/p1876814414.jpg
虎王归来,9.2,美国,爱情,https://movie.douban.com/subject/24849943/,https://img3.doubanio.com/view/photo/s_ratio_poster/public/p2029447346.jpg
Josh Groban in Concert,9.1,美国,爱情,https://movie.douban.com/subject/3004300/,https://img3.doubanio.com/view/photo/s_ratio_poster/public/p2295442463.jpg
请以你的名字呼唤我,9.0,美国,爱情,https://movie.douban.com/subject/26799731/,https://img3.doubanio.com/view/photo/s_ratio_poster/public/p2505525050.jpg
淘金记,9.0,美国,爱情,https://movie.douban.com/subject/1298817/,https://img3.doubanio.com/view/photo/s_ratio_poster/public/p1581774481.jpg
将军号,9.0,美国,爱情,https://movie.douban.com/subject/1292778/,https://img3.doubanio.com/view/photo/s_ratio_poster/public/p2248676081.jpg
稻草人,9.0,美国,爱情,https://movie.douban.com/subject/1867778/,https://img1.doubanio.com/view/photo/s_ratio_poster/public/p2503556327.jpg
双X：这个游戏的名称,9.0,美国,爱情,https://movie.douban.com/subject/1294819/,https://img3.doubanio.com/lpic/s3932346.jpg
Titanic: Breaking New Ground,9.0,美国,爱情,https://movie.douban.com/subject/10553302/,https://img3.doubanio.com/view/photo/s_ratio_poster/public/p1469563182.jpg
魅影缝匠,9.0,美国,爱情,https://movie.douban.com/subject/26809592/,https://img1.doubanio.com/view/photo/s_ratio_poster/public/p2506487968.jpg
爱的奇迹,9.0,美国,爱情,https://movie.douban.com/subject/2119286/,https://img3.doubanio.com/view/photo/s_ratio_poster/public/p533191776.jpg
比才：卡门,9.0,美国,爱情,https://movie.douban.com/subject/20379214/,https://img3.doubanio.com/view/photo/s_ratio_poster/public/p2160380844.jpg
Michel Gondry 2: More Videos,9.0,美国,爱情,https://movie.douban.com/subject/3872558/,https://img3.doubanio.com/view/photo/s_ratio_poster/public/p2192255135.jpg
霸王别姬,9.5,香港,爱情,https://movie.douban.com/subject/1291546/,https://img3.doubanio.com/view/photo/s_ratio_poster/public/p1910813120.jpg
蝶影红梨记,9.4,香港,爱情,https://movie.douban.com/subject/4047730/,https://img3.doubanio.com/view/photo/s_ratio_poster/public/p2388820490.jpg
紫钗记,9.3,香港,爱情,https://movie.douban.com/subject/1401219/,https://img1.doubanio.com/view/photo/s_ratio_poster/public/p2274298717.jpg
大话西游之大圣娶亲,9.2,香港,爱情,https://movie.douban.com/subject/1292213/,https://img3.doubanio.com/view/photo/s_ratio_poster/public/p2455050536.jpg
幸福的旁边,9.0,香港,爱情,https://movie.douban.com/subject/26879897/,https://img3.doubanio.com/view/photo/s_ratio_poster/public/p2503447611.jpg
南海十三郎,9.1,香港,爱情,https://movie.douban.com/subject/1303913/,https://img1.doubanio.com/view/photo/s_ratio_poster/public/p2328424489.jpg
上海滩,9.0,香港,爱情,https://movie.douban.com/subject/6311260/,https://img3.doubanio.com/view/photo/s_ratio_poster/public/p2344833803.jpg
莫文蔚: 好莫文蔚巡演唱,9.5,台湾,爱情,https://movie.douban.com/subject/4314336/,https://img3.doubanio.com/lpic/s4199506.jpg
冲天,9.2,台湾,爱情,https://movie.douban.com/subject/26602234/,https://img3.doubanio.com/view/photo/s_ratio_poster/public/p2279974285.jpg
饮食男女,9.1,台湾,爱情,https://movie.douban.com/subject/1291818/,https://img3.doubanio.com/view/photo/s_ratio_poster/public/p1910899751.jpg
KinKi Kids ～硝子の少年_の「今」～,9.7,日本,爱情,https://movie.douban.com/subject/26920950/,https://img1.doubanio.com/view/photo/s_ratio_poster/public/p2399937958.jpg
Me and My Girl,9.6,日本,爱情,https://movie.douban.com/subject/11577118/,https://img1.doubanio.com/view/photo/s_ratio_poster/public/p1748967497.jpg
北国之恋：1987初恋,9.5,日本,爱情,https://movie.douban.com/subject/3794147/,https://img3.doubanio.com/view/photo/s_ratio_poster/public/p2472830331.jpg
北国之恋：1989归乡,9.5,日本,爱情,https://movie.douban.com/subject/3794149/,https://img3.doubanio.com/view/photo/s_ratio_poster/public/p2143869665.jpg
h,9.5,日本,爱情,https://movie.douban.com/subject/26555978/,https://img3.doubanio.com/view/photo/s_ratio_poster/public/p2256610543.jpg
奥丁领域,9.5,日本,爱情,https://movie.douban.com/subject/5450837/,https://img3.doubanio.com/view/photo/s_ratio_poster/public/p784512610.jpg
回忆积木小屋,9.3,日本,爱情,https://movie.douban.com/subject/3560787/,https://img3.doubanio.com/view/photo/s_ratio_poster/public/p2205961264.jpg
千与千寻,9.2,日本,爱情,https://movie.douban.com/subject/1291561/,https://img3.doubanio.com/view/photo/s_ratio_poster/public/p1910830216.jpg
最完美的离婚 2014特别篇,9.1,日本,爱情,https://movie.douban.com/subject/25790749/,https://img1.doubanio.com/view/photo/s_ratio_poster/public/p2186872257.jpg
女人步上楼梯时,9.1,日本,爱情,https://movie.douban.com/subject/1419479/,https://img3.doubanio.com/view/photo/s_ratio_poster/public/p2462525755.jpg
命运石之门：横行跋扈的浪荡之徒,9.1,日本,爱情,https://movie.douban.com/subject/10521690/,https://img3.doubanio.com/view/photo/s_ratio_poster/public/p1432532161.jpg
倒数第二次恋爱 2012秋SP,9.1,日本,爱情,https://movie.douban.com/subject/19955789/,https://img3.doubanio.com/view/photo/s_ratio_poster/public/p1998695160.jpg
情迷意乱,9.1,日本,爱情,https://movie.douban.com/subject/1422091/,https://img3.doubanio.com/view/photo/s_ratio_poster/public/p1449763371.jpg
蜂蜜与四叶草 LF特别篇,9.1,日本,爱情,https://movie.douban.com/subject/6733294/,https://img3.doubanio.com/view/photo/s_ratio_poster/public/p1139056804.jpg
天空之城,9.0,日本,爱情,https://movie.douban.com/subject/1291583/,https://img1.doubanio.com/view/photo/s_ratio_poster/public/p1446261379.jpg
元气少女缘结神OVA：神明 幸福美满,9.0,日本,爱情,https://movie.douban.com/subject/26899000/,https://img3.doubanio.com/view/photo/s_ratio_poster/public/p2391890320.jpg
高智能方程式赛车 TV总集篇,9.0,日本,爱情,https://movie.douban.com/subject/4906417/,https://img3.doubanio.com/lpic/s4412555.jpg
放浪男孩OVA 告白 ～Each Seasons～,9.0,日本,爱情,https://movie.douban.com/subject/6902342/,https://img1.doubanio.com/view/photo/s_ratio_poster/public/p2509356959.jpg
乱莺,9.0,日本,爱情,https://movie.douban.com/subject/26897405/,https://img3.doubanio.com/view/photo/s_ratio_poster/public/p2461995492.jpg
我爱你,9.0,韩国,爱情,https://movie.douban.com/subject/5908478/,https://img1.doubanio.com/view/photo/s_ratio_poster/public/p1075591188.jpg
地球脉动2：奇迹世界,9.8,英国,爱情,https://movie.douban.com/subject/27087625/,https://img3.doubanio.com/view/photo/s_ratio_poster/public/p2508258590.jpg
剧院魅影：25周年纪念演出,9.7,英国,爱情,https://movie.douban.com/subject/24751811/,https://img3.doubanio.com/view/photo/s_ratio_poster/public/p2006533765.jpg
天使在美国第二部：重建,9.5,英国,爱情,https://movie.douban.com/subject/27045950/,https://img3.doubanio.com/view/photo/s_ratio_poster/public/p2474462430.jpg
h,9.5,英国,爱情,https://movie.douban.com/subject/26555978/,https://img3.doubanio.com/view/photo/s_ratio_poster/public/p2256610543.jpg
唐顿庄园：2015圣诞特别篇,9.4,英国,爱情,https://movie.douban.com/subject/26320001/,https://img3.doubanio.com/view/photo/s_ratio_poster/public/p2292519115.jpg
天鹅湖,9.4,英国,爱情,https://movie.douban.com/subject/1421850/,https://img1.doubanio.com/view/photo/s_ratio_poster/public/p1412886678.jpg
吉塞尔,9.5,英国,爱情,https://movie.douban.com/subject/5156658/,https://img1.doubanio.com/view/photo/s_ratio_poster/public/p2253932817.jpg
snorks,9.4,英国,爱情,https://movie.douban.com/subject/1863428/,https://img3.doubanio.com/lpic/s1796635.jpg
Inception,9.3,英国,爱情,https://movie.douban.com/subject/03541415/,https://img3.doubanio.com/view/photo/s_ratio_poster/public/p513344864.jpg
极品基老伴：完结篇,9.3,英国,爱情,https://movie.douban.com/subject/26700818/,https://img3.doubanio.com/view/photo/s_ratio_poster/public/p2360539785.jpg
凡人与超人,9.3,英国,爱情,https://movie.douban.com/subject/26637930/,https://img3.doubanio.com/view/photo/s_ratio_poster/public/p2342687224.jpg
无事生非 (2011年伦敦Wyndham剧院版),9.3,英国,爱情,https://movie.douban.com/subject/26763132/,https://img1.doubanio.com/view/photo/s_ratio_poster/public/p2328040727.jpg
唐顿庄园：2011圣诞特别篇,9.2,英国,爱情,https://movie.douban.com/subject/6870362/,https://img1.doubanio.com/view/photo/s_ratio_poster/public/p1711501188.jpg
极品基老伴：2013圣诞特辑,9.2,英国,爱情,https://movie.douban.com/subject/25758898/,https://img3.doubanio.com/view/photo/s_ratio_poster/public/p2187166976.jpg
危险关系,9.1,英国,爱情,https://movie.douban.com/subject/26745571/,https://img3.doubanio.com/view/photo/s_ratio_poster/public/p2328681271.jpg
清秀佳人第二部,9.2,英国,爱情,https://movie.douban.com/subject/5047697/,https://img3.doubanio.com/view/photo/s_ratio_poster/public/p1968503455.jpg
皆大欢喜,9.2,英国,爱情,https://movie.douban.com/subject/25795905/,https://img3.doubanio.com/view/photo/s_ratio_poster/public/p2163632711.jpg
博士的女伴,9.1,英国,爱情,https://movie.douban.com/subject/11625156/,https://img3.doubanio.com/view/photo/s_ratio_poster/public/p1876814414.jpg
影子大地,9.0,英国,爱情,https://movie.douban.com/subject/1299515/,https://img3.doubanio.com/view/photo/s_ratio_poster/public/p2427877973.jpg
虎王归来,9.2,英国,爱情,https://movie.douban.com/subject/24849943/,https://img3.doubanio.com/view/photo/s_ratio_poster/public/p2029447346.jpg
双X：这个游戏的名称,9.0,英国,爱情,https://movie.douban.com/subject/1294819/,https://img3.doubanio.com/lpic/s3932346.jpg
天鹅湖,8.9,英国,爱情,https://movie.douban.com/subject/23375646/,https://img3.doubanio.com/view/photo/s_ratio_poster/public/p1926387265.jpg
柴可夫斯基芭蕾舞剧：胡桃夹子,9.0,英国,爱情,https://movie.douban.com/subject/3541997/,https://img3.doubanio.com/view/photo/s_ratio_poster/public/p2327920276.jpg
爱的奇迹,9.0,英国,爱情,https://movie.douban.com/subject/2119286/,https://img3.doubanio.com/view/photo/s_ratio_poster/public/p533191776.jpg
胡桃夹子,9.0,英国,爱情,https://movie.douban.com/subject/5157309/,https://img3.doubanio.com/view/photo/s_ratio_poster/public/p1806198510.jpg
法老的女儿,9.5,法国,爱情,https://movie.douban.com/subject/1899210/,https://img3.doubanio.com/view/photo/s_ratio_poster/public/p1076710953.jpg
这个杀手不太冷,9.4,法国,爱情,https://movie.douban.com/subject/1295644/,https://img3.doubanio.com/view/photo/s_ratio_poster/public/p511118051.jpg
吉塞尔,9.5,法国,爱情,https://movie.douban.com/subject/5156658/,https://img1.doubanio.com/view/photo/s_ratio_poster/public/p2253932817.jpg
巴黎圣母院,9.3,法国,爱情,https://movie.douban.com/subject/20326557/,https://img3.doubanio.com/view/photo/s_ratio_poster/public/p2329626263.jpg
罗密欧与朱丽叶,9.3,法国,爱情,https://movie.douban.com/subject/25928148/,https://img3.doubanio.com/view/photo/s_ratio_poster/public/p2224933614.jpg
天堂电影院,9.1,法国,爱情,https://movie.douban.com/subject/1291828/,https://img3.doubanio.com/view/photo/s_ratio_poster/public/p1910901025.jpg
卡门,9.1,法国,爱情,https://movie.douban.com/subject/1448669/,https://img3.doubanio.com/view/photo/s_ratio_poster/public/p2500317262.jpg
阿德尔曼夫妇,9.0,法国,爱情,https://movie.douban.com/subject/26951692/,https://img3.doubanio.com/view/photo/s_ratio_poster/public/p2417978591.jpg
请以你的名字呼唤我,9.0,法国,爱情,https://movie.douban.com/subject/26799731/,https://img3.doubanio.com/view/photo/s_ratio_poster/public/p2505525050.jpg
沉静如海,9.0,法国,爱情,https://movie.douban.com/subject/1769507/,https://img3.doubanio.com/view/photo/s_ratio_poster/public/p2365157916.jpg
卡比利亚之夜,9.0,法国,爱情,https://movie.douban.com/subject/1294781/,https://img3.doubanio.com/view/photo/s_ratio_poster/public/p922159253.jpg
柴可夫斯基芭蕾舞剧：胡桃夹子,9.0,法国,爱情,https://movie.douban.com/subject/3541997/,https://img3.doubanio.com/view/photo/s_ratio_poster/public/p2327920276.jpg
爱尔丝小姐,9.0,法国,爱情,https://movie.douban.com/subject/2084602/,https://img1.doubanio.com/view/photo/s_ratio_poster/public/p2153966838.jpg
Michel Gondry 2: More Videos,9.0,法国,爱情,https://movie.douban.com/subject/3872558/,https://img3.doubanio.com/view/photo/s_ratio_poster/public/p2192255135.jpg
伊丽莎白,9.6,德国,爱情,https://movie.douban.com/subject/24877005/,https://img3.doubanio.com/view/photo/s_ratio_poster/public/p2264336223.jpg
芭蕾电影《吉赛尔》,9.3,德国,爱情,https://movie.douban.com/subject/1797540/,https://img1.doubanio.com/view/photo/s_ratio_poster/public/p2352966949.jpg
祖母的照相馆,9.2,德国,爱情,https://movie.douban.com/subject/11587751/,https://img3.doubanio.com/view/photo/s_ratio_poster/public/p1659366674.jpg
费加罗的婚礼,9.1,德国,爱情,https://movie.douban.com/subject/1797500/,https://img1.doubanio.com/view/photo/s_ratio_poster/public/p2272483089.jpg
沉静如海,9.0,德国,爱情,https://movie.douban.com/subject/1769507/,https://img3.doubanio.com/view/photo/s_ratio_poster/public/p2365157916.jpg
爱的奇迹,9.0,德国,爱情,https://movie.douban.com/subject/2119286/,https://img3.doubanio.com/view/photo/s_ratio_poster/public/p533191776.jpg
爱尔丝小姐,9.0,德国,爱情,https://movie.douban.com/subject/2084602/,https://img1.doubanio.com/view/photo/s_ratio_poster/public/p2153966838.jpg
美丽人生,9.5,意大利,爱情,https://movie.douban.com/subject/1292063/,https://img3.doubanio.com/view/photo/s_ratio_poster/public/p510861873.jpg
灿烂人生,9.3,意大利,爱情,https://movie.douban.com/subject/1291831/,https://img3.doubanio.com/view/photo/s_ratio_poster/public/p1161132422.jpg
图兰朵,9.3,意大利,爱情,https://movie.douban.com/subject/11531648/,https://img1.doubanio.com/view/photo/s_ratio_poster/public/p2509441469.jpg
海上钢琴师,9.2,意大利,爱情,https://movie.douban.com/subject/1292001/,https://img1.doubanio.com/view/photo/s_ratio_poster/public/p511146807.jpg
天堂电影院,9.1,意大利,爱情,https://movie.douban.com/subject/1291828/,https://img3.doubanio.com/view/photo/s_ratio_poster/public/p1910901025.jpg
美国往事,9.1,意大利,爱情,https://movie.douban.com/subject/1292262/,https://img1.doubanio.com/view/photo/s_ratio_poster/public/p477229647.jpg
费加罗的婚礼,9.1,意大利,爱情,https://movie.douban.com/subject/1797500/,https://img1.doubanio.com/view/photo/s_ratio_poster/public/p2272483089.jpg
请以你的名字呼唤我,9.0,意大利,爱情,https://movie.douban.com/subject/26799731/,https://img3.doubanio.com/view/photo/s_ratio_poster/public/p2505525050.jpg
卡比利亚之夜,9.0,意大利,爱情,https://movie.douban.com/subject/1294781/,https://img3.doubanio.com/view/photo/s_ratio_poster/public/p922159253.jpg
三傻大闹宝莱坞,9.1,印度,爱情,https://movie.douban.com/subject/3793023/,https://img3.doubanio.com/view/photo/s_ratio_poster/public/p579729551.jpg
爱的奇迹,9.0,印度,爱情,https://movie.douban.com/subject/2119286/,https://img3.doubanio.com/view/photo/s_ratio_poster/public/p533191776.jpg
战争与和平2：娜塔莎・罗斯托娃,9.1,俄罗斯,爱情,https://movie.douban.com/subject/1303712/,https://img3.doubanio.com/view/photo/s_ratio_poster/public/p996286156.jpg
士兵之歌,9.0,俄罗斯,爱情,https://movie.douban.com/subject/1295614/,https://img1.doubanio.com/view/photo/s_ratio_poster/public/p806332287.jpg
柴可夫斯基芭蕾舞剧：胡桃夹子,9.0,俄罗斯,爱情,https://movie.douban.com/subject/3541997/,https://img3.doubanio.com/view/photo/s_ratio_poster/public/p2327920276.jpg
娜斯佳和她的父亲们,9.0,俄罗斯,爱情,https://movie.douban.com/subject/4040438/,https://img3.doubanio.com/view/photo/s_ratio_poster/public/p2190397911.jpg
清秀佳人第二部,9.2,加拿大,爱情,https://movie.douban.com/subject/5047697/,https://img3.doubanio.com/view/photo/s_ratio_poster/public/p1968503455.jpg
绝不松开我的拳头,9.0,加拿大,爱情,https://movie.douban.com/subject/26199883/,https://img1.doubanio.com/view/photo/s_ratio_poster/public/p2207905589.jpg
牡丹亭,9.4,大陆,文艺,https://movie.douban.com/subject/4731050/,https://img1.doubanio.com/view/photo/s_ratio_poster/public/p2365538258.jpg
许巍：此时此刻,9.4,大陆,文艺,https://movie.douban.com/subject/24857835/,https://img3.doubanio.com/view/photo/s_ratio_poster/public/p2037823701.jpg
荒山泪,9.4,大陆,文艺,https://movie.douban.com/subject/3724033/,https://img3.doubanio.com/view/photo/s_ratio_poster/public/p1945500364.jpg
齐天乐,9.2,大陆,文艺,https://movie.douban.com/subject/11498192/,https://img3.doubanio.com/view/photo/s_ratio_poster/public/p1625056904.jpg
游园惊梦,9.1,大陆,文艺,https://movie.douban.com/subject/11593132/,https://img3.doubanio.com/view/photo/s_ratio_poster/public/p2391649272.jpg
一磅肉,9.1,大陆,文艺,https://movie.douban.com/subject/3543679/,https://img3.doubanio.com/view/photo/s_ratio_poster/public/p2342489640.jpg
红娘,9.0,大陆,文艺,https://movie.douban.com/subject/4728534/,https://img3.doubanio.com/view/photo/s_ratio_poster/public/p2223210236.jpg
阿甘正传,9.4,美国,文艺,https://movie.douban.com/subject/1292720/,https://img1.doubanio.com/view/photo/s_ratio_poster/public/p510876377.jpg
大河之舞1995,9.4,美国,文艺,https://movie.douban.com/subject/1835118/,https://img1.doubanio.com/view/photo/s_ratio_poster/public/p1932522618.jpg
指挥的艺术,9.4,美国,文艺,https://movie.douban.com/subject/2240855/,https://img3.doubanio.com/lpic/s2680252.jpg
60亿其他人,9.4,美国,文艺,https://movie.douban.com/subject/5151494/,https://img3.doubanio.com/lpic/s4689961.jpg
诱惑乐队,9.3,美国,文艺,https://movie.douban.com/subject/2138114/,https://img3.doubanio.com/lpic/s2572066.jpg
Pretty Sweet,9.2,美国,文艺,https://movie.douban.com/subject/5150630/,https://img3.doubanio.com/view/photo/s_ratio_poster/public/p2184540874.jpg
海上钢琴师,9.2,美国,文艺,https://movie.douban.com/subject/1292001/,https://img1.doubanio.com/view/photo/s_ratio_poster/public/p511146807.jpg
忠犬八公的故事,9.2,美国,文艺,https://movie.douban.com/subject/3011091/,https://img3.doubanio.com/view/photo/s_ratio_poster/public/p524964016.jpg
乱世佳人,9.2,美国,文艺,https://movie.douban.com/subject/1300267/,https://img3.doubanio.com/view/photo/s_ratio_poster/public/p1963126880.jpg
A Very Gaga Thanksgiving,9.2,美国,文艺,https://movie.douban.com/subject/7001285/,https://img1.doubanio.com/lpic/s7009578.jpg
诺拉・琼斯新奥尔良现场,9.2,美国,文艺,https://movie.douban.com/subject/1434430/,https://img3.doubanio.com/lpic/s1448370.jpg
约翰列侬精选,9.2,美国,文艺,https://movie.douban.com/subject/4181436/,https://img3.doubanio.com/view/photo/s_ratio_poster/public/p1869021066.jpg
触不可及,9.1,美国,文艺,https://movie.douban.com/subject/6786002/,https://img3.doubanio.com/view/photo/s_ratio_poster/public/p1454261925.jpg
饮食男女,9.1,美国,文艺,https://movie.douban.com/subject/1291818/,https://img3.doubanio.com/view/photo/s_ratio_poster/public/p1910899751.jpg
我们都为比尔着盛装,9.1,美国,文艺,https://movie.douban.com/subject/4836985/,https://img1.doubanio.com/view/photo/s_ratio_poster/public/p821582577.jpg
Fade to Red,9.1,美国,文艺,https://movie.douban.com/subject/1774778/,https://img1.doubanio.com/lpic/s1645948.jpg
演员工作室：安东尼・霍普金斯,9.1,美国,文艺,https://movie.douban.com/subject/3143903/,https://img3.doubanio.com/lpic/s4378635.jpg
少年派的奇幻漂流,9.0,美国,文艺,https://movie.douban.com/subject/1929463/,https://img3.doubanio.com/view/photo/s_ratio_poster/public/p1784592701.jpg
飞越疯人院,9.0,美国,文艺,https://movie.douban.com/subject/1292224/,https://img1.doubanio.com/view/photo/s_ratio_poster/public/p792238287.jpg
月神,9.0,美国,文艺,https://movie.douban.com/subject/6313765/,https://img1.doubanio.com/view/photo/s_ratio_poster/public/p1605699709.jpg
请以你的名字呼唤我,9.0,美国,文艺,https://movie.douban.com/subject/26799731/,https://img3.doubanio.com/view/photo/s_ratio_poster/public/p2505525050.jpg
魅影缝匠,9.0,美国,文艺,https://movie.douban.com/subject/26809592/,https://img1.doubanio.com/view/photo/s_ratio_poster/public/p2506487968.jpg
霸王别姬,9.5,香港,文艺,https://movie.douban.com/subject/1291546/,https://img3.doubanio.com/view/photo/s_ratio_poster/public/p1910813120.jpg
60亿其他人,9.4,香港,文艺,https://movie.douban.com/subject/5151494/,https://img3.doubanio.com/lpic/s4689961.jpg
大话西游之大圣娶亲,9.2,香港,文艺,https://movie.douban.com/subject/1292213/,https://img3.doubanio.com/view/photo/s_ratio_poster/public/p2455050536.jpg
南海十三郎,9.1,香港,文艺,https://movie.douban.com/subject/1303913/,https://img1.doubanio.com/view/photo/s_ratio_poster/public/p2328424489.jpg
一磅肉,9.1,香港,文艺,https://movie.douban.com/subject/3543679/,https://img3.doubanio.com/view/photo/s_ratio_poster/public/p2342489640.jpg
60亿其他人,9.4,台湾,文艺,https://movie.douban.com/subject/5151494/,https://img3.doubanio.com/lpic/s4689961.jpg
饮食男女,9.1,台湾,文艺,https://movie.douban.com/subject/1291818/,https://img3.doubanio.com/view/photo/s_ratio_poster/public/p1910899751.jpg
少年派的奇幻漂流,9.0,台湾,文艺,https://movie.douban.com/subject/1929463/,https://img3.doubanio.com/view/photo/s_ratio_poster/public/p1784592701.jpg
东京物语,9.2,日本,文艺,https://movie.douban.com/subject/1291568/,https://img3.doubanio.com/view/photo/s_ratio_poster/public/p1910832390.jpg
情迷意乱,9.1,日本,文艺,https://movie.douban.com/subject/1422091/,https://img3.doubanio.com/view/photo/s_ratio_poster/public/p1449763371.jpg
日本之形,9.1,日本,文艺,https://movie.douban.com/subject/2085511/,https://img3.doubanio.com/view/photo/s_ratio_poster/public/p2253859656.jpg
无人知晓,9.0,日本,文艺,https://movie.douban.com/subject/1292337/,https://img3.doubanio.com/view/photo/s_ratio_poster/public/p661160053.jpg
放浪男孩OVA 告白 ～Each Seasons～,9.0,日本,文艺,https://movie.douban.com/subject/6902342/,https://img1.doubanio.com/view/photo/s_ratio_poster/public/p2509356959.jpg
我爱你,9.0,韩国,文艺,https://movie.douban.com/subject/5908478/,https://img1.doubanio.com/view/photo/s_ratio_poster/public/p1075591188.jpg
绅士联盟舞台剧,9.6,英国,文艺,https://movie.douban.com/subject/20491284/,https://img3.doubanio.com/view/photo/s_ratio_poster/public/p2235065102.jpg
大河之舞1995,9.4,英国,文艺,https://movie.douban.com/subject/1835118/,https://img1.doubanio.com/view/photo/s_ratio_poster/public/p1932522618.jpg
胡桃夹子,9.3,英国,文艺,https://movie.douban.com/subject/3533599/,https://img3.doubanio.com/view/photo/s_ratio_poster/public/p2257772540.jpg
女王召见,9.3,英国,文艺,https://movie.douban.com/subject/25717552/,https://img3.doubanio.com/view/photo/s_ratio_poster/public/p2119628656.jpg
怪鱼,9.3,英国,文艺,https://movie.douban.com/subject/4015862/,https://img3.doubanio.com/lpic/s3963974.jpg
忠犬八公的故事,9.2,英国,文艺,https://movie.douban.com/subject/3011091/,https://img3.doubanio.com/view/photo/s_ratio_poster/public/p524964016.jpg
危险关系,9.1,英国,文艺,https://movie.douban.com/subject/26745571/,https://img3.doubanio.com/view/photo/s_ratio_poster/public/p2328681271.jpg
寻找小糖人,9.1,英国,文艺,https://movie.douban.com/subject/7015798/,https://img3.doubanio.com/view/photo/s_ratio_poster/public/p1741882642.jpg
Belle & Sebastian - Fans Only,9.1,英国,文艺,https://movie.douban.com/subject/1892826/,https://img3.doubanio.com/lpic/s3160084.jpg
影子大地,9.0,英国,文艺,https://movie.douban.com/subject/1299515/,https://img3.doubanio.com/view/photo/s_ratio_poster/public/p2427877973.jpg
少年派的奇幻漂流,9.0,英国,文艺,https://movie.douban.com/subject/1929463/,https://img3.doubanio.com/view/photo/s_ratio_poster/public/p1784592701.jpg
里赫特：谜,9.5,法国,文艺,https://movie.douban.com/subject/1828568/,https://img3.doubanio.com/view/photo/s_ratio_poster/public/p1553026976.jpg
这个杀手不太冷,9.4,法国,文艺,https://movie.douban.com/subject/1295644/,https://img3.doubanio.com/view/photo/s_ratio_poster/public/p511118051.jpg
法国美食短片,9.4,法国,文艺,https://movie.douban.com/subject/26429900/,https://img3.doubanio.com/view/photo/s_ratio_poster/public/p2266906955.jpg
胡桃夹子,9.3,法国,文艺,https://movie.douban.com/subject/3533599/,https://img3.doubanio.com/view/photo/s_ratio_poster/public/p2257772540.jpg
60亿其他人,9.4,法国,文艺,https://movie.douban.com/subject/5151494/,https://img3.doubanio.com/lpic/s4689961.jpg
巴黎圣母院,9.3,法国,文艺,https://movie.douban.com/subject/20326557/,https://img3.doubanio.com/view/photo/s_ratio_poster/public/p2329626263.jpg
放牛班的春天,9.2,法国,文艺,https://movie.douban.com/subject/1291549/,https://img3.doubanio.com/view/photo/s_ratio_poster/public/p1910824951.jpg
仙女,9.2,法国,文艺,https://movie.douban.com/subject/2139906/,https://img3.doubanio.com/lpic/s2581461.jpg
触不可及,9.1,法国,文艺,https://movie.douban.com/subject/6786002/,https://img3.doubanio.com/view/photo/s_ratio_poster/public/p1454261925.jpg
天堂电影院,9.1,法国,文艺,https://movie.douban.com/subject/1291828/,https://img3.doubanio.com/view/photo/s_ratio_poster/public/p1910901025.jpg
迁徙的鸟,9.1,法国,文艺,https://movie.douban.com/subject/1292281/,https://img1.doubanio.com/view/photo/s_ratio_poster/public/p2238274168.jpg
雇佣人生,9.1,法国,文艺,https://movie.douban.com/subject/3823425/,https://img3.doubanio.com/view/photo/s_ratio_poster/public/p2027109343.jpg
我们都为比尔着盛装,9.1,法国,文艺,https://movie.douban.com/subject/4836985/,https://img1.doubanio.com/view/photo/s_ratio_poster/public/p821582577.jpg
脸庞，村庄,9.2,法国,文艺,https://movie.douban.com/subject/26764928/,https://img1.doubanio.com/view/photo/s_ratio_poster/public/p2462590159.jpg
精神分裂症,9.0,法国,文艺,https://movie.douban.com/subject/3262918/,https://img3.doubanio.com/view/photo/s_ratio_poster/public/p857148064.jpg
请以你的名字呼唤我,9.0,法国,文艺,https://movie.douban.com/subject/26799731/,https://img3.doubanio.com/view/photo/s_ratio_poster/public/p2505525050.jpg
沉静如海,9.0,法国,文艺,https://movie.douban.com/subject/1769507/,https://img3.doubanio.com/view/photo/s_ratio_poster/public/p2365157916.jpg
一路平安,9.0,法国,文艺,https://movie.douban.com/subject/1471586/,https://img3.doubanio.com/view/photo/s_ratio_poster/public/p2215638675.jpg
金球,9.0,法国,文艺,https://movie.douban.com/subject/3134269/,https://img1.doubanio.com/view/photo/s_ratio_poster/public/p2251344879.jpg
我是海尔姆特,9.4,德国,文艺,https://movie.douban.com/subject/5360245/,https://img3.doubanio.com/lpic/s4533690.jpg
60亿其他人,9.4,德国,文艺,https://movie.douban.com/subject/5151494/,https://img3.doubanio.com/lpic/s4689961.jpg
放牛班的春天,9.2,德国,文艺,https://movie.douban.com/subject/1291549/,https://img3.doubanio.com/view/photo/s_ratio_poster/public/p1910824951.jpg
皮娜・鲍什：穆勒咖啡馆,9.2,德国,文艺,https://movie.douban.com/subject/3921106/,https://img1.doubanio.com/view/photo/s_ratio_poster/public/p2121858349.jpg
祖母的照相馆,9.2,德国,文艺,https://movie.douban.com/subject/11587751/,https://img3.doubanio.com/view/photo/s_ratio_poster/public/p1659366674.jpg
春之祭,9.2,德国,文艺,https://movie.douban.com/subject/3278842/,https://img3.doubanio.com/view/photo/s_ratio_poster/public/p2122603772.jpg
迁徙的鸟,9.1,德国,文艺,https://movie.douban.com/subject/1292281/,https://img1.doubanio.com/view/photo/s_ratio_poster/public/p2238274168.jpg
沉静如海,9.0,德国,文艺,https://movie.douban.com/subject/1769507/,https://img3.doubanio.com/view/photo/s_ratio_poster/public/p2365157916.jpg
六十五岁以上的女士和先生,9.0,德国,文艺,https://movie.douban.com/subject/4899886/,https://img1.doubanio.com/view/photo/s_ratio_poster/public/p2417935308.jpg
美丽人生,9.5,意大利,文艺,https://movie.douban.com/subject/1292063/,https://img3.doubanio.com/view/photo/s_ratio_poster/public/p510861873.jpg
灿烂人生,9.3,意大利,文艺,https://movie.douban.com/subject/1291831/,https://img3.doubanio.com/view/photo/s_ratio_poster/public/p1161132422.jpg
海上钢琴师,9.2,意大利,文艺,https://movie.douban.com/subject/1292001/,https://img1.doubanio.com/view/photo/s_ratio_poster/public/p511146807.jpg
天堂电影院,9.1,意大利,文艺,https://movie.douban.com/subject/1291828/,https://img3.doubanio.com/view/photo/s_ratio_poster/public/p1910901025.jpg
迁徙的鸟,9.1,意大利,文艺,https://movie.douban.com/subject/1292281/,https://img1.doubanio.com/view/photo/s_ratio_poster/public/p2238274168.jpg
请以你的名字呼唤我,9.0,意大利,文艺,https://movie.douban.com/subject/26799731/,https://img3.doubanio.com/view/photo/s_ratio_poster/public/p2505525050.jpg
60亿其他人,9.4,西班牙,文艺,https://movie.douban.com/subject/5151494/,https://img3.doubanio.com/lpic/s4689961.jpg
迁徙的鸟,9.1,西班牙,文艺,https://movie.douban.com/subject/1292281/,https://img1.doubanio.com/view/photo/s_ratio_poster/public/p2238274168.jpg
60亿其他人,9.4,印度,文艺,https://movie.douban.com/subject/5151494/,https://img3.doubanio.com/lpic/s4689961.jpg
里赫特：谜,9.5,俄罗斯,文艺,https://movie.douban.com/subject/1828568/,https://img3.doubanio.com/view/photo/s_ratio_poster/public/p1553026976.jpg
胡桃夹子,9.3,俄罗斯,文艺,https://movie.douban.com/subject/3533599/,https://img3.doubanio.com/view/photo/s_ratio_poster/public/p2257772540.jpg
60亿其他人,9.4,加拿大,文艺,https://movie.douban.com/subject/5151494/,https://img3.doubanio.com/lpic/s4689961.jpg
少年派的奇幻漂流,9.0,加拿大,文艺,https://movie.douban.com/subject/1929463/,https://img3.doubanio.com/view/photo/s_ratio_poster/public/p1784592701.jpg
60亿其他人,9.4,澳大利亚,文艺,https://movie.douban.com/subject/5151494/,https://img3.doubanio.com/lpic/s4689961.jpg
大河之舞1995,9.4,爱尔兰,文艺,https://movie.douban.com/subject/1835118/,https://img1.doubanio.com/view/photo/s_ratio_poster/public/p1932522618.jpg
寻找小糖人,9.1,瑞典,文艺,https://movie.douban.com/subject/7015798/,https://img3.doubanio.com/view/photo/s_ratio_poster/public/p1741882642.jpg
请以你的名字呼唤我,9.0,巴西,文艺,https://movie.douban.com/subject/26799731/,https://img3.doubanio.com/view/photo/s_ratio_poster/public/p2505525050.jpg
